com.samsung.shealth.exercise,6212007,12
live_data_internal,mission_value,subset_data,total_calorie,completion_status,pace_info_id,pace_live_data,sensing_status,source_type,mission_type,tracking_status,program_id,title,reward_status,heart_rate_sample_count,mission_extra_value,program_schedule_id,heart_rate_deviceuuid,location_data_internal,additional_internal,com.samsung.health.exercise.duration,com.samsung.health.exercise.additional,com.samsung.health.exercise.mean_caloricburn_rate,com.samsung.health.exercise.location_data,com.samsung.health.exercise.start_time,com.samsung.health.exercise.exercise_type,com.samsung.health.exercise.custom,com.samsung.health.exercise.max_altitude,com.samsung.health.exercise.incline_distance,com.samsung.health.exercise.mean_heart_rate,com.samsung.health.exercise.count_type,com.samsung.health.exercise.mean_rpm,com.samsung.health.exercise.min_altitude,com.samsung.health.exercise.max_heart_rate,com.samsung.health.exercise.update_time,com.samsung.health.exercise.create_time,com.samsung.health.exercise.max_power,com.samsung.health.exercise.max_speed,com.samsung.health.exercise.mean_cadence,com.samsung.health.exercise.min_heart_rate,com.samsung.health.exercise.count,com.samsung.health.exercise.distance,com.samsung.health.exercise.max_caloricburn_rate,com.samsung.health.exercise.calorie,com.samsung.health.exercise.max_cadence,com.samsung.health.exercise.decline_distance,com.samsung.health.exercise.vo2_max,com.samsung.health.exercise.time_offset,com.samsung.health.exercise.deviceuuid,com.samsung.health.exercise.max_rpm,com.samsung.health.exercise.comment,com.samsung.health.exercise.live_data,com.samsung.health.exercise.mean_power,com.samsung.health.exercise.mean_speed,com.samsung.health.exercise.pkg_name,com.samsung.health.exercise.altitude_gain,com.samsung.health.exercise.altitude_loss,com.samsung.health.exercise.exercise_custom_type,com.samsung.health.exercise.end_time,com.samsung.health.exercise.datauuid,com.samsung.health.exercise.sweat_loss
,,,,1,,,,4,0,0,,,,,,,,,,709000,,,,2022-04-06 07:38:11.000,1002,,,,,30001,,,,2022-04-06 07:50:25.342,2022-04-06 07:50:25.342,,4.111111,,,1752,1945.21,,141.42,,,,UTC+0200,3JD7PDJoKB,,,7cc2dabc-34dc-43f4-a117-6bc923fbb0c5.com.samsung.health.exercise.live_data.json,,2.7435966,com.sec.android.app.shealth,,,,2022-04-06 07:50:00.000,7cc2dabc-34dc-43f4-a117-6bc923fbb0c5,,
af0958f5-09ca-488a-b18f-56334c155717.live_data_internal.json,0,,458.06412,0,,,,1,0,0,,,1,,0.0,,,,,4805171,,,,2022-04-06 07:50:25.273,10007,,,,,30001,,,,2022-04-06 09:10:44.694,2022-04-06 07:50:25.280,,,,,0,0.0,,458.0,,,,UTC+0200,3JD7PDJoKB,,,af0958f5-09ca-488a-b18f-56334c155717.com.samsung.health.exercise.live_data.json,,,com.sec.android.app.shealth,,,,2022-04-06 09:10:34.304,af0958f5-09ca-488a-b18f-56334c155717,,
f0737dc8-756b-4798-a032-d41c225a881b.live_data_internal.json,,,76.0,,,,f0737dc8-756b-4798-a032-d41c225a881b.sensing_status.json,4,,,,,,63,,,,,,762710,,,,2022-04-08 15:42:41.040,1001,,,,113.0,30001,,,125.0,2022-04-08 15:56:53.501,2022-04-08 15:56:53.501,,1.6543111,106.82959,91.0,1358,1043.15,,76.0,124.0,,,UTC+0200,SumqgnI0Fz,,,f0737dc8-756b-4798-a032-d41c225a881b.com.samsung.health.exercise.live_data.json,,1.3676889,com.sec.android.app.shealth,,,,2022-04-08 15:55:23.750,f0737dc8-756b-4798-a032-d41c225a881b,,
9d33e5cc-ed14-48f5-b60e-dc74bee51f84.live_data_internal.json,,,59.0,,,,9d33e5cc-ed14-48f5-b60e-dc74bee51f84.sensing_status.json,4,,,,,,34,,,,,,630015,,,,2022-04-09 00:14:50.931,1001,,,,100.0,30001,,,111.0,2022-04-09 00:26:51.855,2022-04-09 00:26:51.855,,1.4166666,67.99838,73.0,714,524.17,,59.0,100.0,,,UTC+0200,SumqgnI0Fz,,,9d33e5cc-ed14-48f5-b60e-dc74bee51f84.com.samsung.health.exercise.live_data.json,,0.831996,com.sec.android.app.shealth,,,,2022-04-09 00:25:20.946,9d33e5cc-ed14-48f5-b60e-dc74bee51f84,,
d2e0862a-606c-4f3a-b69e-52c37e7aecf4.live_data_internal.json,,,647.0506,,,,d2e0862a-606c-4f3a-b69e-52c37e7aecf4.sensing_status.json,1,,,,,1,400,,,,,,3980621,,,,2022-04-08 16:04:11.448,0,,,,139.0,,,,189.0,2022-04-08 17:39:13.284,2022-04-08 17:10:32.715,,,,83.0,,,,647.0506,,,,UTC+0200,SumqgnI0Fz,,,d2e0862a-606c-4f3a-b69e-52c37e7aecf4.com.samsung.health.exercise.live_data.json,,,com.sec.android.app.shealth,,,,2022-04-08 17:10:32.068,d2e0862a-606c-4f3a-b69e-52c37e7aecf4,,
d1823bfd-0eaa-4684-8f15-933726cdf32c.live_data_internal.json,,,57.0,,,,d1823bfd-0eaa-4684-8f15-933726cdf32c.sensing_status.json,4,,,,,,85,,,,,,995687,,,,2022-04-08 21:56:05.524,1001,,,,109.0,30001,,,120.0,2022-04-08 22:14:10.740,2022-04-08 22:14:10.740,,1.3641866,92.92076,89.0,1542,709.41,,57.0,106.0,,,UTC+0200,SumqgnI0Fz,,,d1823bfd-0eaa-4684-8f15-933726cdf32c.com.samsung.health.exercise.live_data.json,,0.7124829,com.sec.android.app.shealth,,,,2022-04-08 22:12:41.211,d1823bfd-0eaa-4684-8f15-933726cdf32c,,
9eec5bc0-429b-44e2-9e91-e4c3c97d9ab4.live_data_internal.json,,,60.0,,,,9eec5bc0-429b-44e2-9e91-e4c3c97d9ab4.sensing_status.json,4,,,,,,61,,,,,,766173,,,,2022-04-10 16:23:19.293,1001,,,,100.0,30001,,,115.0,2022-04-10 16:37:35.775,2022-04-10 16:37:35.775,,1.3888888,99.84691,83.0,1275,829.04,,60.0,105.0,,,UTC+0200,SumqgnI0Fz,,,9eec5bc0-429b-44e2-9e91-e4c3c97d9ab4.com.samsung.health.exercise.live_data.json,,1.0820533,com.sec.android.app.shealth,,,,2022-04-10 16:36:05.466,9eec5bc0-429b-44e2-9e91-e4c3c97d9ab4,,
450b4078-28f4-4bee-9602-708ee6f0c8fb.live_data_internal.json,,,66.0,,,,450b4078-28f4-4bee-9602-708ee6f0c8fb.sensing_status.json,4,,,,,,12,,,,,,272088,,,,2022-04-11 16:09:10.580,1002,,,,170.0,30001,,,180.0,2022-04-11 16:15:13.320,2022-04-11 16:15:13.320,,2.9712057,179.72127,140.0,815,748.8,,66.0,176.0,,,UTC+0200,SumqgnI0Fz,,,450b4078-28f4-4bee-9602-708ee6f0c8fb.com.samsung.health.exercise.live_data.json,,2.7520506,com.sec.android.app.shealth,,,,2022-04-11 16:13:42.668,450b4078-28f4-4bee-9602-708ee6f0c8fb,,
da41bf1d-27c2-4923-aecd-936338e46da7.live_data_internal.json,,,110.0,,,,da41bf1d-27c2-4923-aecd-936338e46da7.sensing_status.json,4,,,,,,124,,,,,,1369157,,,,2022-04-10 15:58:45.419,1001,,,,99.0,30001,,,120.0,2022-04-10 16:23:05.733,2022-04-10 16:23:05.733,,1.4444444,74.80515,78.0,1707,1270.23,,110.0,110.0,,,UTC+0200,SumqgnI0Fz,,,da41bf1d-27c2-4923-aecd-936338e46da7.com.samsung.health.exercise.live_data.json,,0.92774606,com.sec.android.app.shealth,,,,2022-04-10 16:21:34.576,da41bf1d-27c2-4923-aecd-936338e46da7,,
bedf4962-1510-4960-b9b4-8776f47dad47.live_data_internal.json,,,84.0,,,,bedf4962-1510-4960-b9b4-8776f47dad47.sensing_status.json,4,,,,,,64,,,,,,774008,,,,2022-04-11 15:45:25.326,1001,,,,124.0,30001,,,136.0,2022-04-11 15:59:50.507,2022-04-11 15:59:50.507,,1.6366665,111.31668,110.0,1436,1108.38,,84.0,123.0,,,UTC+0200,SumqgnI0Fz,,,bedf4962-1510-4960-b9b4-8776f47dad47.com.samsung.health.exercise.live_data.json,,1.4320008,com.sec.android.app.shealth,,,,2022-04-11 15:58:19.334,bedf4962-1510-4960-b9b4-8776f47dad47,,
d59d6181-9665-43cf-b3e3-424e82a334f8.live_data_internal.json,,,582.935,,,,d59d6181-9665-43cf-b3e3-424e82a334f8.sensing_status.json,1,,,,,1,337,,,,,,3608287,,,,2022-04-11 16:21:17.871,0,,,,140.0,,,,175.0,2022-04-11 17:21:38.029,2022-04-11 17:21:30.034,,,,75.0,,,,582.8601,,,,UTC+0200,SumqgnI0Fz,,,d59d6181-9665-43cf-b3e3-424e82a334f8.com.samsung.health.exercise.live_data.json,,,com.sec.android.app.shealth,,,,2022-04-11 17:21:29.662,d59d6181-9665-43cf-b3e3-424e82a334f8,,
7a242cc4-739c-4c2c-880e-4283ce9083df.live_data_internal.json,20000,"[{""duration"":44,""reps"":12}]",8.703737,1,,,7a242cc4-739c-4c2c-880e-4283ce9083df.sensing_status.json,1,2,,,,,1,,,,,,57770,,,,2022-04-11 16:18:32.023,10010,,,,111.0,30004,,,111.0,2022-04-11 16:20:49.279,2022-04-11 16:20:49.279,,,,111.0,12,,,7.01,,,,UTC+0200,SumqgnI0Fz,,,7a242cc4-739c-4c2c-880e-4283ce9083df.com.samsung.health.exercise.live_data.json,,,com.sec.android.app.shealth,,,,2022-04-11 16:20:49.052,7a242cc4-739c-4c2c-880e-4283ce9083df,,
2591b956-aec2-450e-a04e-2913840be8dc.live_data_internal.json,,,805.6399,,,,2591b956-aec2-450e-a04e-2913840be8dc.sensing_status.json,1,,,,,1,499,,,,,,4975649,,,,2022-04-13 16:06:25.017,0,,,,136.0,,,,189.0,2022-04-13 17:29:30.642,2022-04-13 17:29:23.488,,,,100.0,,,,805.5909,,,,UTC+0200,SumqgnI0Fz,,,2591b956-aec2-450e-a04e-2913840be8dc.com.samsung.health.exercise.live_data.json,,,com.sec.android.app.shealth,,,,2022-04-13 17:29:22.959,2591b956-aec2-450e-a04e-2913840be8dc,,
d93d5007-362e-40fd-b95f-df7ed40a40cc.live_data_internal.json,,,123.0,,,,d93d5007-362e-40fd-b95f-df7ed40a40cc.sensing_status.json,4,,,,,,104,,,,,,1170089,,,,2022-04-13 15:42:47.920,1001,,,,118.0,30001,,,133.0,2022-04-13 16:03:49.216,2022-04-13 16:03:49.216,,1.6628203,93.58262,90.0,1825,1441.22,,123.0,125.0,,,UTC+0200,SumqgnI0Fz,,,d93d5007-362e-40fd-b95f-df7ed40a40cc.com.samsung.health.exercise.live_data.json,,1.2317183,com.sec.android.app.shealth,,,,2022-04-13 16:02:18.009,d93d5007-362e-40fd-b95f-df7ed40a40cc,,
80e7b24f-8e45-495b-ad71-5137275bada8.live_data_internal.json,,,134.67891,,,,80e7b24f-8e45-495b-ad71-5137275bada8.sensing_status.json,4,,,,,,82,,,,,,1254855,,,,2022-04-08 17:11:15.891,0,,,,123.0,,,,143.0,2022-04-08 17:32:12.158,2022-04-08 17:32:12.158,,,,80.0,,,,134.67,,,,UTC+0200,SumqgnI0Fz,,,80e7b24f-8e45-495b-ad71-5137275bada8.com.samsung.health.exercise.live_data.json,,,com.sec.android.app.shealth,,,,2022-04-08 17:32:11.163,80e7b24f-8e45-495b-ad71-5137275bada8,,
,,,,1,,,,4,0,0,,,,,,,,,,642000,,,,2022-04-15 15:46:18.000,1001,,,,,30001,,,,2022-04-15 15:59:22.328,2022-04-15 15:59:22.328,,4.6666665,,,1424,1447.51,,95.79,,,,UTC+0200,3JD7PDJoKB,,,6aa72694-3cb9-4237-912b-f42a71e10d88.com.samsung.health.exercise.live_data.json,,2.2546885,com.sec.android.app.shealth,,,,2022-04-15 15:57:00.000,6aa72694-3cb9-4237-912b-f42a71e10d88,,
24c1d885-b7b8-4c3a-a780-df84fec3f39f.live_data_internal.json,,,57.0,,,,24c1d885-b7b8-4c3a-a780-df84fec3f39f.sensing_status.json,4,,,,,,92,,,,,,1056977,,,,2022-04-13 21:08:32.935,1001,,,,108.0,30001,,,121.0,2022-04-13 21:27:38.829,2022-04-13 21:27:38.829,,1.5627996,100.304924,90.0,1767,737.76,,57.0,114.0,,,UTC+0200,SumqgnI0Fz,,,24c1d885-b7b8-4c3a-a780-df84fec3f39f.com.samsung.health.exercise.live_data.json,,0.69799054,com.sec.android.app.shealth,,,,2022-04-13 21:26:09.912,24c1d885-b7b8-4c3a-a780-df84fec3f39f,,
b2a61adc-61f3-4d5d-b686-f0ac872208d7.live_data_internal.json,,,113.0,,,,b2a61adc-61f3-4d5d-b686-f0ac872208d7.sensing_status.json,4,,,,,,103,,,,,,1171071,,,,2022-04-08 17:36:35.026,1001,,,,116.0,30001,,,126.0,2022-04-08 17:57:36.763,2022-04-08 17:57:36.763,,1.5311667,98.42272,93.0,1921,1493.7,,113.0,117.0,,,UTC+0200,SumqgnI0Fz,,,b2a61adc-61f3-4d5d-b686-f0ac872208d7.com.samsung.health.exercise.live_data.json,,1.275499,com.sec.android.app.shealth,,,,2022-04-08 17:56:06.097,b2a61adc-61f3-4d5d-b686-f0ac872208d7,,
ed128445-7079-4e87-b67b-98ba8bc9106a.live_data_internal.json,,,153.0,,,,ed128445-7079-4e87-b67b-98ba8bc9106a.sensing_status.json,4,,,,,,50,,,,,,1711178,,,,2022-04-10 16:51:10.059,1001,,,,104.0,30001,,,115.0,2022-04-10 17:21:11.194,2022-04-10 17:21:11.194,,1.6388888,75.106155,88.0,2142,1592.76,,153.0,105.0,,,UTC+0200,SumqgnI0Fz,,,ed128445-7079-4e87-b67b-98ba8bc9106a.com.samsung.health.exercise.live_data.json,,0.9307974,com.sec.android.app.shealth,,,,2022-04-10 17:19:41.237,ed128445-7079-4e87-b67b-98ba8bc9106a,,
de8c585d-b060-49ed-ae73-cfb5a8ecec56.live_data_internal.json,,,102.0,,,,de8c585d-b060-49ed-ae73-cfb5a8ecec56.sensing_status.json,4,,,,,,85,,,,,,998137,,,,2022-04-13 17:52:37.189,1001,,,,119.0,30001,,,134.0,2022-04-13 18:10:47.634,2022-04-13 18:10:47.634,,1.5825227,102.61117,94.0,1707,1286.44,,102.0,116.0,,,UTC+0200,SumqgnI0Fz,,,de8c585d-b060-49ed-ae73-cfb5a8ecec56.com.samsung.health.exercise.live_data.json,,1.288841,com.sec.android.app.shealth,,,,2022-04-13 18:09:15.326,de8c585d-b060-49ed-ae73-cfb5a8ecec56,,
2b461f54-2d54-4fe0-9cf3-54f3f852ee9a.live_data_internal.json,,,108.0,,,,2b461f54-2d54-4fe0-9cf3-54f3f852ee9a.sensing_status.json,4,,,,,,75,,,,,,1080319,,,,2022-04-19 17:15:21.195,1001,,,,111.0,30001,,,123.0,2022-04-19 17:34:52.422,2022-04-19 17:34:52.422,,1.8136994,87.19647,75.0,1570,1211.56,,108.0,116.0,,,UTC+0200,SumqgnI0Fz,,,2b461f54-2d54-4fe0-9cf3-54f3f852ee9a.com.samsung.health.exercise.live_data.json,,1.1214837,com.sec.android.app.shealth,,,,2022-04-19 17:33:21.514,2b461f54-2d54-4fe0-9cf3-54f3f852ee9a,,
5368f59c-5097-42c9-8366-3104825b8202.live_data_internal.json,,,133.0,,,,5368f59c-5097-42c9-8366-3104825b8202.sensing_status.json,4,,,,,,47,,,,,,1518801,,,,2022-04-10 17:21:22.134,1001,,,,108.0,30001,,,117.0,2022-04-10 17:48:10.658,2022-04-10 17:48:10.658,,1.4307885,88.72788,100.0,2246,1667.68,,133.0,103.0,,,UTC+0200,SumqgnI0Fz,,,5368f59c-5097-42c9-8366-3104825b8202.com.samsung.health.exercise.live_data.json,,1.098024,com.sec.android.app.shealth,,,,2022-04-10 17:46:40.935,5368f59c-5097-42c9-8366-3104825b8202,,
d94b3d3c-e632-4f9c-ac49-3cc669b4a9b4.live_data_internal.json,,,87.0,,,,d94b3d3c-e632-4f9c-ac49-3cc669b4a9b4.sensing_status.json,4,,,,,,76,,,,,,898191,,,,2022-04-15 15:26:21.273,1001,,,,114.0,30001,,,132.0,2022-04-15 15:42:48.982,2022-04-15 15:42:48.982,,1.6388888,106.14669,93.0,1589,1232.29,,87.0,123.0,,,UTC+0200,SumqgnI0Fz,,,d94b3d3c-e632-4f9c-ac49-3cc669b4a9b4.com.samsung.health.exercise.live_data.json,,1.3719689,com.sec.android.app.shealth,,,,2022-04-15 15:41:19.464,d94b3d3c-e632-4f9c-ac49-3cc669b4a9b4,,
e1f544ce-f7ff-403d-9dfd-c86c46dd9ae9.live_data_internal.json,,,95.65,,,,e1f544ce-f7ff-403d-9dfd-c86c46dd9ae9.sensing_status.json,4,,,,,,30,,,,,,822163,,,,2022-04-15 17:01:56.490,0,,,,136.0,,,,153.0,2022-04-15 17:15:38.904,2022-04-15 17:15:38.904,,,,93.0,,,,95.65,,,,UTC+0200,SumqgnI0Fz,,,e1f544ce-f7ff-403d-9dfd-c86c46dd9ae9.com.samsung.health.exercise.live_data.json,,,com.sec.android.app.shealth,,,,2022-04-15 17:15:38.231,e1f544ce-f7ff-403d-9dfd-c86c46dd9ae9,,
,,,,1,,,,4,0,0,,,,,,,,,,1000000,,,,2022-04-20 15:33:20.000,1001,,,,,30001,,,,2022-04-20 15:55:00.607,2022-04-20 15:55:00.607,,2.1388888,,,1905,1506.45,,77.58,,,,UTC+0200,3JD7PDJoKB,,,6a20be26-754f-4b9a-b053-d7f45441cbd4.com.samsung.health.exercise.live_data.json,,1.50645,com.sec.android.app.shealth,,,,2022-04-20 15:50:00.000,6a20be26-754f-4b9a-b053-d7f45441cbd4,,
0517ce9b-b7f3-4624-960c-92ca1c0ec3f1.live_data_internal.json,,,116.0,,,,0517ce9b-b7f3-4624-960c-92ca1c0ec3f1.sensing_status.json,4,,,,,,83,,,,,,1181003,,,,2022-04-11 17:40:21.588,1001,,,,115.0,30001,,,129.0,2022-04-11 18:01:33.769,2022-04-11 18:01:33.769,,1.5978334,80.8296,86.0,1591,1222.1,,116.0,121.0,,,UTC+0200,SumqgnI0Fz,,,0517ce9b-b7f3-4624-960c-92ca1c0ec3f1.com.samsung.health.exercise.live_data.json,,1.0347983,com.sec.android.app.shealth,,,,2022-04-11 18:00:02.591,0517ce9b-b7f3-4624-960c-92ca1c0ec3f1,,
b99719e9-8803-4e8b-a5ea-3ce29ecc3def.live_data_internal.json,,,94.0,,,,b99719e9-8803-4e8b-a5ea-3ce29ecc3def.sensing_status.json,4,,,,,,71,,,,,,939930,,,,2022-04-19 20:43:43.848,1001,,,,101.0,30001,,,114.0,2022-04-19 21:00:54.140,2022-04-19 21:00:54.140,,1.5167917,96.198654,75.0,1507,1179.91,,94.0,114.0,,,UTC+0200,SumqgnI0Fz,,,b99719e9-8803-4e8b-a5ea-3ce29ecc3def.com.samsung.health.exercise.live_data.json,,1.255317,com.sec.android.app.shealth,,,,2022-04-19 20:59:23.778,b99719e9-8803-4e8b-a5ea-3ce29ecc3def,,
acbbdff6-e957-4d94-8080-10e808b75fd9.live_data_internal.json,,,803.3885,,,,acbbdff6-e957-4d94-8080-10e808b75fd9.sensing_status.json,1,,,,,1,456,,,,,,4540659,,,,2022-04-15 15:46:06.013,0,,,,146.0,,,,193.0,2022-04-15 17:01:56.143,2022-04-15 17:01:49.268,,,,95.0,,,,803.34094,,,,UTC+0200,SumqgnI0Fz,,,acbbdff6-e957-4d94-8080-10e808b75fd9.com.samsung.health.exercise.live_data.json,,,com.sec.android.app.shealth,,,,2022-04-15 17:01:48.897,acbbdff6-e957-4d94-8080-10e808b75fd9,,
ac274a65-fce2-486e-9994-cb975990f74f.live_data_internal.json,,,63.09,,,,ac274a65-fce2-486e-9994-cb975990f74f.sensing_status.json,4,,,,,,24,,,,,,662761,,,,2022-04-20 17:20:40.217,0,,,,125.0,,,,135.0,2022-04-20 17:31:43.283,2022-04-20 17:31:43.283,,,,113.0,,,,63.09,,,,UTC+0200,SumqgnI0Fz,,,ac274a65-fce2-486e-9994-cb975990f74f.com.samsung.health.exercise.live_data.json,,,com.sec.android.app.shealth,,,,2022-04-20 17:31:42.596,ac274a65-fce2-486e-9994-cb975990f74f,,
60480e47-6a9a-4840-b112-f8841ed39e77.live_data_internal.json,,,120.0,,,,60480e47-6a9a-4840-b112-f8841ed39e77.sensing_status.json,4,,,,,,116,,,,,,1317420,,,,2022-04-12 23:03:44.209,1001,,,,101.0,30001,,,117.0,2022-04-12 23:27:12.550,2022-04-12 23:27:12.550,,1.4784819,93.50093,75.0,2053,1549.41,,120.0,115.0,,,UTC+0200,SumqgnI0Fz,,,60480e47-6a9a-4840-b112-f8841ed39e77.com.samsung.health.exercise.live_data.json,,1.1760942,com.sec.android.app.shealth,,,,2022-04-12 23:25:41.629,60480e47-6a9a-4840-b112-f8841ed39e77,,
c3dde8f3-e96b-49c0-91a4-1bc9d1ece628.live_data_internal.json,,,131.0,,,,c3dde8f3-e96b-49c0-91a4-1bc9d1ece628.sensing_status.json,4,,,,,,114,,,,,,1417106,,,,2022-04-13 22:50:17.072,1001,,,,123.0,30001,,,135.0,2022-04-13 23:15:24.084,2022-04-13 23:15:24.084,,1.8888888,84.467926,109.0,1995,1502.82,,131.0,113.0,,,UTC+0200,SumqgnI0Fz,,,c3dde8f3-e96b-49c0-91a4-1bc9d1ece628.com.samsung.health.exercise.live_data.json,,1.0604852,com.sec.android.app.shealth,,,,2022-04-13 23:13:54.178,c3dde8f3-e96b-49c0-91a4-1bc9d1ece628,,
4aa2b327-8ed6-41fe-abed-d621703fbd97.live_data_internal.json,,,790.8646,,,,4aa2b327-8ed6-41fe-abed-d621703fbd97.sensing_status.json,1,,,,,1,473,,,,,,4714569,,,,2022-04-22 16:15:58.564,0,,,,142.0,,,,192.0,2022-04-22 17:34:43.029,2022-04-22 17:34:36.117,,,,107.0,,,,790.81104,,,,UTC+0200,SumqgnI0Fz,,,4aa2b327-8ed6-41fe-abed-d621703fbd97.com.samsung.health.exercise.live_data.json,,,com.sec.android.app.shealth,,,,2022-04-22 17:34:35.639,4aa2b327-8ed6-41fe-abed-d621703fbd97,,
,,,,1,,,,4,0,0,,,,,,,,,,922000,,,,2022-04-15 15:24:38.000,1001,,,,,30001,,,,2022-04-15 15:44:47.836,2022-04-15 15:44:47.836,,1.5833334,,,1778,1396.91,,71.19,,,,UTC+0200,3JD7PDJoKB,,,2844e00c-c38b-4881-8639-24c7f2d73565.com.samsung.health.exercise.live_data.json,,1.5150868,com.sec.android.app.shealth,,,,2022-04-15 15:40:00.000,2844e00c-c38b-4881-8639-24c7f2d73565,,
d310832f-a755-4fac-92da-632b80103c80.live_data_internal.json,,,106.0,,,,d310832f-a755-4fac-92da-632b80103c80.sensing_status.json,4,,,,,,62,,,,,,1083929,,,,2022-04-20 17:39:53.098,1001,,,,113.0,30001,,,126.0,2022-04-20 17:59:27.785,2022-04-20 17:59:27.785,,1.5277778,86.35252,96.0,1560,1143.52,,106.0,116.0,,,UTC+0200,SumqgnI0Fz,,,d310832f-a755-4fac-92da-632b80103c80.com.samsung.health.exercise.live_data.json,,1.0549769,com.sec.android.app.shealth,,,,2022-04-20 17:57:57.027,d310832f-a755-4fac-92da-632b80103c80,,
5216f29a-1947-487f-8e53-43818ef69e61.live_data_internal.json,,,52.0,,,,5216f29a-1947-487f-8e53-43818ef69e61.sensing_status.json,4,,,,,,72,,,,,,867928,,,,2022-04-22 20:46:12.886,1001,,,,115.0,30001,,,131.0,2022-04-22 21:02:11.446,2022-04-22 21:02:11.446,,1.4673337,86.48183,103.0,1251,622.31,,52.0,101.0,,,UTC+0200,SumqgnI0Fz,,,5216f29a-1947-487f-8e53-43818ef69e61.com.samsung.health.exercise.live_data.json,,0.7170065,com.sec.android.app.shealth,,,,2022-04-22 21:00:40.814,5216f29a-1947-487f-8e53-43818ef69e61,,
a4a08167-e37f-4787-9df2-a4915357511a.live_data_internal.json,,,134.0,,,,a4a08167-e37f-4787-9df2-a4915357511a.sensing_status.json,4,,,,,,94,,,,,,1392537,,,,2022-04-19 22:01:28.800,1001,,,,96.0,30001,,,118.0,2022-04-19 22:26:12.179,2022-04-19 22:26:12.179,,1.7222222,94.83411,81.0,2201,1663.02,,134.0,110.0,,,UTC+0200,SumqgnI0Fz,,,a4a08167-e37f-4787-9df2-a4915357511a.com.samsung.health.exercise.live_data.json,,1.1942376,com.sec.android.app.shealth,,,,2022-04-19 22:24:41.337,a4a08167-e37f-4787-9df2-a4915357511a,,
84958706-7b45-4c21-936f-8acf6a1c5a27.live_data_internal.json,,,149.0,,,,84958706-7b45-4c21-936f-8acf6a1c5a27.sensing_status.json,4,,,,,,149,,,,,,1621431,,,,2022-04-15 17:23:47.999,1001,,,,114.0,30001,,,131.0,2022-04-15 17:52:20.118,2022-04-15 17:52:20.118,,1.5555556,76.599,91.0,2070,1535.6,,149.0,118.0,,,UTC+0200,SumqgnI0Fz,,,84958706-7b45-4c21-936f-8acf6a1c5a27.com.samsung.health.exercise.live_data.json,,0.94706464,com.sec.android.app.shealth,,,,2022-04-15 17:50:49.430,84958706-7b45-4c21-936f-8acf6a1c5a27,,
7464e507-2a55-45af-802b-1e30695dbb09.live_data_internal.json,,,69.0,,,,7464e507-2a55-45af-802b-1e30695dbb09.sensing_status.json,4,,,,,,5,,,,,,725280,,,,2022-04-19 16:35:00.390,1001,,,,93.0,30001,,,96.0,2022-04-19 16:48:36.202,2022-04-19 16:48:36.202,,1.5063335,102.994705,90.0,1245,962.23,,69.0,115.0,,,UTC+0200,SumqgnI0Fz,,,7464e507-2a55-45af-802b-1e30695dbb09.com.samsung.health.exercise.live_data.json,,1.3267013,com.sec.android.app.shealth,,,,2022-04-19 16:47:05.670,7464e507-2a55-45af-802b-1e30695dbb09,,
32f5b44a-8249-4762-8003-6126518c0539.live_data_internal.json,,,107.0,,,,32f5b44a-8249-4762-8003-6126518c0539.sensing_status.json,4,,,,,,100,,,,,,1124335,,,,2022-04-22 15:47:27.904,1001,,,,109.0,30001,,,120.0,2022-04-22 16:07:43.036,2022-04-22 16:07:43.036,,1.5555556,94.72266,76.0,1775,1386.95,,107.0,117.0,,,UTC+0200,SumqgnI0Fz,,,32f5b44a-8249-4762-8003-6126518c0539.com.samsung.health.exercise.live_data.json,,1.2335737,com.sec.android.app.shealth,,,,2022-04-22 16:06:12.239,32f5b44a-8249-4762-8003-6126518c0539,,
1bd9fc86-2569-4da7-83ea-2029377ce60d.live_data_internal.json,,,81.0,,,,1bd9fc86-2569-4da7-83ea-2029377ce60d.sensing_status.json,4,,,,,,74,,,,,,886562,,,,2022-04-23 01:34:40.627,1001,,,,103.0,30001,,,115.0,2022-04-23 01:50:57.796,2022-04-23 01:50:57.796,,1.3990002,92.853065,80.0,1372,1039.59,,81.0,109.0,,,UTC+0200,SumqgnI0Fz,,,1bd9fc86-2569-4da7-83ea-2029377ce60d.com.samsung.health.exercise.live_data.json,,1.1726083,com.sec.android.app.shealth,,,,2022-04-23 01:49:27.189,1bd9fc86-2569-4da7-83ea-2029377ce60d,,
a97912e2-9667-4be8-9ec4-8a62e1ab7adf.live_data_internal.json,,,58.0,,,,a97912e2-9667-4be8-9ec4-8a62e1ab7adf.sensing_status.json,4,,,,,,49,,,,,,631895,,,,2022-04-24 12:59:24.933,1001,,,,107.0,30001,,,128.0,2022-04-24 13:11:27.619,2022-04-24 13:11:27.619,,1.7222222,80.89951,82.0,852,609.35,,58.0,113.0,,,UTC+0200,SumqgnI0Fz,,,a97912e2-9667-4be8-9ec4-8a62e1ab7adf.com.samsung.health.exercise.live_data.json,,0.96432155,com.sec.android.app.shealth,,,,2022-04-24 13:09:56.828,a97912e2-9667-4be8-9ec4-8a62e1ab7adf,,
ed567f83-0f5e-4e9c-a103-0f6ac21c2046.live_data_internal.json,,,110.0,,,,ed567f83-0f5e-4e9c-a103-0f6ac21c2046.sensing_status.json,4,,,,,,95,,,,,,1080340,,,,2022-04-20 15:35:57.799,1001,,,,116.0,30001,,,132.0,2022-04-20 15:55:29.038,2022-04-20 15:55:29.038,,1.6571666,98.524536,87.0,1774,1318.73,,110.0,124.0,,,UTC+0200,SumqgnI0Fz,,,ed567f83-0f5e-4e9c-a103-0f6ac21c2046.com.samsung.health.exercise.live_data.json,,1.220662,com.sec.android.app.shealth,,,,2022-04-20 15:53:58.139,ed567f83-0f5e-4e9c-a103-0f6ac21c2046,,
1288f7d5-66e4-40ac-90ff-f26f9f8d4f86.live_data_internal.json,,,106.0,,,,1288f7d5-66e4-40ac-90ff-f26f9f8d4f86.sensing_status.json,4,,,,,,100,,,,,,1140743,,,,2022-04-22 21:34:47.864,1001,,,,113.0,30001,,,127.0,2022-04-22 21:55:19.222,2022-04-22 21:55:19.222,,1.3611112,75.8453,85.0,1442,1068.69,,106.0,105.0,,,UTC+0200,SumqgnI0Fz,,,1288f7d5-66e4-40ac-90ff-f26f9f8d4f86.com.samsung.health.exercise.live_data.json,,0.9368367,com.sec.android.app.shealth,,,,2022-04-22 21:53:48.607,1288f7d5-66e4-40ac-90ff-f26f9f8d4f86,,
fa2e31c5-1988-49db-af6e-a907d1ec4290.live_data_internal.json,,,97.0,,,,fa2e31c5-1988-49db-af6e-a907d1ec4290.sensing_status.json,4,,,,,,86,,,,,,1012449,,,,2022-04-22 23:22:15.737,1001,,,,122.0,30001,,,146.0,2022-04-22 23:40:38.882,2022-04-22 23:40:38.882,,1.5423232,80.59666,101.0,1360,1031.92,,97.0,113.0,,,UTC+0200,SumqgnI0Fz,,,fa2e31c5-1988-49db-af6e-a907d1ec4290.com.samsung.health.exercise.live_data.json,,1.0192317,com.sec.android.app.shealth,,,,2022-04-22 23:39:08.186,fa2e31c5-1988-49db-af6e-a907d1ec4290,,
6734b7c9-f46f-460b-8215-ac82730458f8.live_data_internal.json,,,59.0,,,,6734b7c9-f46f-460b-8215-ac82730458f8.sensing_status.json,4,,,,,,75,,,,,,734552,,,,2022-04-25 16:48:18.131,1001,,,,96.0,30001,,,113.0,2022-04-25 17:02:02.134,2022-04-25 17:02:02.134,,1.4431666,78.08841,73.0,956,650.26,,59.0,113.0,,,UTC+0200,SumqgnI0Fz,,,6734b7c9-f46f-460b-8215-ac82730458f8.com.samsung.health.exercise.live_data.json,,0.88524705,com.sec.android.app.shealth,,,,2022-04-25 17:00:32.683,6734b7c9-f46f-460b-8215-ac82730458f8,,
165ef540-7eba-4973-a70e-3a7c66576cc0.live_data_internal.json,,,716.84766,,,,165ef540-7eba-4973-a70e-3a7c66576cc0.sensing_status.json,1,,,,,1,421,,,,,,4442295,,,,2022-04-20 15:59:29.708,0,,,,139.0,,,,186.0,2022-04-20 17:13:40.608,2022-04-20 17:13:36.280,,,,84.0,,,,716.77045,,,,UTC+0200,SumqgnI0Fz,,,165ef540-7eba-4973-a70e-3a7c66576cc0.com.samsung.health.exercise.live_data.json,,,com.sec.android.app.shealth,,,,2022-04-20 17:13:35.617,165ef540-7eba-4973-a70e-3a7c66576cc0,,
2836882e-e734-4547-958f-b73a30fd510b.live_data_internal.json,,,45.0,,,,2836882e-e734-4547-958f-b73a30fd510b.sensing_status.json,4,,,,,,63,,,,,,743187,,,,2022-04-24 15:53:54.529,1001,,,,96.0,30001,,,108.0,2022-04-24 16:07:46.801,2022-04-24 16:07:46.801,,1.5,63.617905,78.0,788,467.36,,45.0,101.0,,,UTC+0200,SumqgnI0Fz,,,2836882e-e734-4547-958f-b73a30fd510b.com.samsung.health.exercise.live_data.json,,0.6288592,com.sec.android.app.shealth,,,,2022-04-24 16:06:17.716,2836882e-e734-4547-958f-b73a30fd510b,,
c5d9d8d7-60b3-4899-b856-d43c77fe49c0.live_data_internal.json,,,163.4,,,,c5d9d8d7-60b3-4899-b856-d43c77fe49c0.sensing_status.json,4,,,,,,91,,,,,,1440959,,,,2022-04-22 17:34:56.416,0,,,,119.0,,,,139.0,2022-04-22 17:58:57.535,2022-04-22 17:58:57.535,,,,101.0,,,,163.4,,,,UTC+0200,SumqgnI0Fz,,,c5d9d8d7-60b3-4899-b856-d43c77fe49c0.com.samsung.health.exercise.live_data.json,,,com.sec.android.app.shealth,,,,2022-04-22 17:58:57.031,c5d9d8d7-60b3-4899-b856-d43c77fe49c0,,
f312bbc8-1a99-422f-8c82-87b16240ac94.live_data_internal.json,,,52.0,,,,f312bbc8-1a99-422f-8c82-87b16240ac94.sensing_status.json,4,,,,,,51,,,,,,657091,,,,2022-04-24 15:09:22.424,1001,,,,103.0,30001,,,120.0,2022-04-24 15:21:50.044,2022-04-24 15:21:50.044,,1.4444444,77.34088,72.0,847,625.72,,52.0,109.0,,,UTC+0200,SumqgnI0Fz,,,f312bbc8-1a99-422f-8c82-87b16240ac94.com.samsung.health.exercise.live_data.json,,0.9522577,com.sec.android.app.shealth,,,,2022-04-24 15:20:19.515,f312bbc8-1a99-422f-8c82-87b16240ac94,,
25bacafe-a193-4441-bb3e-aa9b4648b075.live_data_internal.json,,,60.0,,,,25bacafe-a193-4441-bb3e-aa9b4648b075.sensing_status.json,4,,,,,,43,,,,,,635294,,,,2022-04-24 13:55:00.742,1001,,,,100.0,30001,,,115.0,2022-04-24 14:07:06.614,2022-04-24 14:07:06.614,,1.4444444,95.20002,79.0,1008,773.77,,60.0,109.0,,,UTC+0200,SumqgnI0Fz,,,25bacafe-a193-4441-bb3e-aa9b4648b075.com.samsung.health.exercise.live_data.json,,1.2179716,com.sec.android.app.shealth,,,,2022-04-24 14:05:36.036,25bacafe-a193-4441-bb3e-aa9b4648b075,,
,,,858.4991,,,,16d877c1-ac32-4aac-a58c-0a9bbedebb54.sensing_status.json,1,,,,,1,,,,,,,5622343,,,,2022-04-26 15:28:33.064,0,,,,,,,,,2022-04-26 17:02:33.568,2022-04-26 17:02:26.001,,,,,,,,858.45056,,,,UTC+0200,SumqgnI0Fz,,,,,,com.sec.android.app.shealth,,,,2022-04-26 17:02:17.682,16d877c1-ac32-4aac-a58c-0a9bbedebb54,,
acbbbd87-0a5e-4fe5-87c7-d889240f8875.live_data_internal.json,,,93.0,,,,acbbbd87-0a5e-4fe5-87c7-d889240f8875.sensing_status.json,4,,,,,,78,,,,,,909789,,,,2022-04-22 17:59:04.441,1001,,,,116.0,30001,,,133.0,2022-04-22 18:15:44.865,2022-04-22 18:15:44.865,,1.483,105.91467,84.0,1606,1239.74,,93.0,114.0,,,UTC+0200,SumqgnI0Fz,,,acbbbd87-0a5e-4fe5-87c7-d889240f8875.com.samsung.health.exercise.live_data.json,,1.3626676,com.sec.android.app.shealth,,,,2022-04-22 18:14:14.230,acbbbd87-0a5e-4fe5-87c7-d889240f8875,,
b08c6ce1-5d9d-4276-b9ec-09d603eef684.live_data_internal.json,,,106.0,,,,b08c6ce1-5d9d-4276-b9ec-09d603eef684.sensing_status.json,4,,,,,,,,,,,,1062410,,,,2022-04-29 15:23:49.482,1001,,,,,30001,,,,2022-04-29 15:43:10.171,2022-04-29 15:43:10.171,,1.5881747,98.77542,,1749,1364.19,,106.0,118.0,,,UTC+0200,SumqgnI0Fz,,,b08c6ce1-5d9d-4276-b9ec-09d603eef684.com.samsung.health.exercise.live_data.json,,1.2840523,com.sec.android.app.shealth,,,,2022-04-29 15:41:31.892,b08c6ce1-5d9d-4276-b9ec-09d603eef684,,
,,,152.10011,,,,874607f1-3807-455c-8c9a-a755b4b1d650.sensing_status.json,4,,,,,,,,,,,,1262420,,,,2022-04-29 17:16:13.531,0,,,,,,,,,2022-04-29 17:37:23.979,2022-04-29 17:37:23.979,,,,,,,,152.1,,,,UTC+0200,SumqgnI0Fz,,,,,,com.sec.android.app.shealth,,,,2022-04-29 17:37:15.956,874607f1-3807-455c-8c9a-a755b4b1d650,,
f3a66a0c-4447-4191-89b6-61d23d137f2e.live_data_internal.json,,,134.0,,,,f3a66a0c-4447-4191-89b6-61d23d137f2e.sensing_status.json,4,,,,,,101,,,,,,1387017,,,,2022-04-24 10:32:09.883,1001,,,,97.0,30001,,,116.0,2022-04-24 10:56:47.955,2022-04-24 10:56:47.955,,1.9166667,88.72278,64.0,2051,1576.18,,134.0,113.60947,,,UTC+0200,SumqgnI0Fz,,,f3a66a0c-4447-4191-89b6-61d23d137f2e.com.samsung.health.exercise.live_data.json,,1.1363813,com.sec.android.app.shealth,,,,2022-04-24 10:55:16.900,f3a66a0c-4447-4191-89b6-61d23d137f2e,,
,,,858.5103,,,,c50044a5-acfa-4ba5-b6de-9ba5b2cc0bb5.sensing_status.json,1,,,,,1,,,,,,,5380332,,,,2022-05-02 16:40:25.299,0,,,,,,,,,2022-05-02 18:10:20.368,2022-05-02 18:10:14.002,,,,,,,,858.5103,,,,UTC+0200,SumqgnI0Fz,,,,,,com.sec.android.app.shealth,,,,2022-05-02 18:10:05.631,c50044a5-acfa-4ba5-b6de-9ba5b2cc0bb5,,
b4faae9f-ab1f-4e5b-bc4d-81501f9c97ba.live_data_internal.json,,,118.0,,,,b4faae9f-ab1f-4e5b-bc4d-81501f9c97ba.sensing_status.json,4,,,,,,,,,,,,1170135,,,,2022-04-26 17:07:22.223,1001,,,,,30001,,,,2022-04-26 17:28:31.655,2022-04-26 17:28:31.655,,1.5865034,103.885445,,2026,1574.88,,118.0,121.0,,,UTC+0200,SumqgnI0Fz,,,b4faae9f-ab1f-4e5b-bc4d-81501f9c97ba.com.samsung.health.exercise.live_data.json,,1.345896,com.sec.android.app.shealth,,,,2022-04-26 17:26:52.358,b4faae9f-ab1f-4e5b-bc4d-81501f9c97ba,,
87500e07-c159-4247-8818-a8c4f600f816.live_data_internal.json,,,127.29817,,,,87500e07-c159-4247-8818-a8c4f600f816.sensing_status.json,4,,,,,,121,,,,,,1356900,,,,2022-04-26 15:05:42.239,1001,,,,110.0,30001,,,124.0,2022-04-26 15:28:34.089,2022-04-26 15:28:34.089,,1.6138757,82.555824,87.0,1867,1452.25,,127.0,118.0,,,UTC+0200,SumqgnI0Fz,,,87500e07-c159-4247-8818-a8c4f600f816.com.samsung.health.exercise.live_data.json,,1.0702704,com.sec.android.app.shealth,,,,2022-04-26 15:28:33.125,87500e07-c159-4247-8818-a8c4f600f816,,
4814644f-c4ec-43d5-a8c9-a70b868bce8a.live_data_internal.json,,,104.0,,,,4814644f-c4ec-43d5-a8c9-a70b868bce8a.sensing_status.json,4,,,,,,93,,,,,,1069356,,,,2022-04-24 10:56:59.347,1001,,,,101.0,30001,,,116.0,2022-04-24 11:16:19.523,2022-04-24 11:16:19.523,,1.4722222,101.50034,79.0,1809,1443.55,,104.0,112.0,,,UTC+0200,SumqgnI0Fz,,,4814644f-c4ec-43d5-a8c9-a70b868bce8a.com.samsung.health.exercise.live_data.json,,1.3499247,com.sec.android.app.shealth,,,,2022-04-24 11:14:48.703,4814644f-c4ec-43d5-a8c9-a70b868bce8a,,
,,,759.8802,,,,cba76dd1-de3e-4035-92dc-1915558fda59.sensing_status.json,1,,,,,1,,,,,,,4742326,,,,2022-04-29 15:49:28.628,0,,,,,,,,,2022-04-29 17:08:46.841,2022-04-29 17:08:39.511,,,,,,,,759.8802,,,,UTC+0200,SumqgnI0Fz,,,,,,com.sec.android.app.shealth,,,,2022-04-29 17:08:30.954,cba76dd1-de3e-4035-92dc-1915558fda59,,
8a454a0f-a753-4351-b903-c936297c7d50.live_data_internal.json,,,72.0,,,,8a454a0f-a753-4351-b903-c936297c7d50.sensing_status.json,4,,,,,,,,,,,,684024,,,,2022-05-02 15:22:51.095,1001,,,,,30001,,,,2022-05-02 15:35:54.518,2022-05-02 15:35:54.518,,1.9632655,79.646324,,908,728.71,,72.0,124.0,,,UTC+0200,SumqgnI0Fz,,,8a454a0f-a753-4351-b903-c936297c7d50.com.samsung.health.exercise.live_data.json,,1.0653281,com.sec.android.app.shealth,,,,2022-05-02 15:34:15.119,8a454a0f-a753-4351-b903-c936297c7d50,,
75e86c5c-6797-40d6-a171-7c7c283daa8e.live_data_internal.json,,,55.0,,,,75e86c5c-6797-40d6-a171-7c7c283daa8e.sensing_status.json,4,,,,,,81,,,,,,964055,,,,2022-04-25 13:14:14.679,1001,,,,103.0,30001,,,116.0,2022-04-25 13:31:49.121,2022-04-25 13:31:49.121,,1.4166666,91.177376,80.0,1465,731.63,,55.0,109.0,,,UTC+0200,SumqgnI0Fz,,,75e86c5c-6797-40d6-a171-7c7c283daa8e.com.samsung.health.exercise.live_data.json,,0.758909,com.sec.android.app.shealth,,,,2022-04-25 13:30:18.734,75e86c5c-6797-40d6-a171-7c7c283daa8e,,
ef9c0e96-46a7-4cac-a81b-b1bea351ebf0.live_data_internal.json,,,63.0,,,,ef9c0e96-46a7-4cac-a81b-b1bea351ebf0.sensing_status.json,4,,,,,,,,,,,,653345,,,,2022-05-04 10:26:18.081,1001,,,,,30001,,,,2022-05-04 10:38:50.686,2022-05-04 10:38:50.686,,1.7942504,90.82491,,989,774.21,,63.0,118.0,,,UTC+0200,SumqgnI0Fz,,,ef9c0e96-46a7-4cac-a81b-b1bea351ebf0.com.samsung.health.exercise.live_data.json,,1.1849942,com.sec.android.app.shealth,,,,2022-05-04 10:37:11.426,ef9c0e96-46a7-4cac-a81b-b1bea351ebf0,,
08a511af-8bac-4805-aa71-f9adbd30b9f7.live_data_internal.json,,,103.0,,,,08a511af-8bac-4805-aa71-f9adbd30b9f7.sensing_status.json,4,,,,,,,,,,,,1105808,,,,2022-04-29 17:37:22.809,1001,,,,,30001,,,,2022-04-29 17:57:27.691,2022-04-29 17:57:27.691,,1.5506498,90.61247,,1670,1275.04,,103.0,118.0,,,UTC+0200,SumqgnI0Fz,,,08a511af-8bac-4805-aa71-f9adbd30b9f7.com.samsung.health.exercise.live_data.json,,1.1530393,com.sec.android.app.shealth,,,,2022-04-29 17:55:48.617,08a511af-8bac-4805-aa71-f9adbd30b9f7,,
6b4c55e9-6f05-405c-91f9-219bc9921c0c.live_data_internal.json,,,63.0,,,,6b4c55e9-6f05-405c-91f9-219bc9921c0c.sensing_status.json,4,,,,,,,,,,,,665640,,,,2022-05-02 16:14:32.023,1001,,,,,30001,,,,2022-05-02 16:27:15.609,2022-05-02 16:27:15.609,,2.2777777,108.70741,,1206,925.42,,63.0,119.0,,,UTC+0200,SumqgnI0Fz,,,6b4c55e9-6f05-405c-91f9-219bc9921c0c.com.samsung.health.exercise.live_data.json,,1.390271,com.sec.android.app.shealth,,,,2022-05-02 16:25:37.663,6b4c55e9-6f05-405c-91f9-219bc9921c0c,,
cc6d0a3f-d6ef-4979-8a28-46149dbf82de.live_data_internal.json,,,51.0,,,,cc6d0a3f-d6ef-4979-8a28-46149dbf82de.sensing_status.json,4,,,,,,78,,,,,,940084,,,,2022-04-25 15:18:57.582,1001,,,,93.0,30001,,,111.0,2022-04-25 15:36:08.207,2022-04-25 15:36:08.207,,1.3047084,74.03594,62.0,1160,493.25,,51.0,104.0,,,UTC+0200,SumqgnI0Fz,,,cc6d0a3f-d6ef-4979-8a28-46149dbf82de.com.samsung.health.exercise.live_data.json,,0.5246872,com.sec.android.app.shealth,,,,2022-04-25 15:34:37.666,cc6d0a3f-d6ef-4979-8a28-46149dbf82de,,
4a6d48b9-8017-47c1-bcd0-9800ab23225b.live_data_internal.json,,,92.0,,,,4a6d48b9-8017-47c1-bcd0-9800ab23225b.sensing_status.json,4,,,,,,,,,,,,1000679,,,,2022-05-02 18:40:33.327,1001,,,,,30001,,,,2022-05-02 18:58:52.090,2022-05-02 18:58:52.090,,1.5223331,105.408424,,1758,1348.74,,92.0,116.0,,,UTC+0200,SumqgnI0Fz,,,4a6d48b9-8017-47c1-bcd0-9800ab23225b.com.samsung.health.exercise.live_data.json,,1.3478248,com.sec.android.app.shealth,,,,2022-05-02 18:57:14.006,4a6d48b9-8017-47c1-bcd0-9800ab23225b,,
37ef7e05-6f67-4b6c-b576-297197224b60.live_data_internal.json,,,131.0,,,,37ef7e05-6f67-4b6c-b576-297197224b60.sensing_status.json,4,,,,,,,,,,,,1675718,,,,2022-04-27 21:38:58.353,1001,,,,,30001,,,,2022-04-27 22:08:32.045,2022-04-27 22:08:32.045,,1.4722222,89.26323,,2493,1641.15,,131.0,111.0,,,UTC+0200,SumqgnI0Fz,,,37ef7e05-6f67-4b6c-b576-297197224b60.com.samsung.health.exercise.live_data.json,,0.97937125,com.sec.android.app.shealth,,,,2022-04-27 22:06:54.071,37ef7e05-6f67-4b6c-b576-297197224b60,,
588a90c4-26ec-4f07-82d8-bafb2c238743.live_data_internal.json,,,84.0,,,,588a90c4-26ec-4f07-82d8-bafb2c238743.sensing_status.json,4,,,,,,,,,,,,1019984,,,,2022-05-04 08:34:01.164,1001,,,,,30001,,,,2022-05-04 08:52:39.775,2022-05-04 08:52:39.775,,1.6388888,83.53072,,1420,992.5,,84.0,116.0,,,UTC+0200,SumqgnI0Fz,,,588a90c4-26ec-4f07-82d8-bafb2c238743.com.samsung.health.exercise.live_data.json,,0.97305447,com.sec.android.app.shealth,,,,2022-05-04 08:51:01.148,588a90c4-26ec-4f07-82d8-bafb2c238743,,
6456c6fe-fd96-45e9-b5d6-45204ca92338.live_data_internal.json,,,80.0,,,,6456c6fe-fd96-45e9-b5d6-45204ca92338.sensing_status.json,4,,,,,,,,,,,,799068,,,,2022-05-04 10:01:24.226,1001,,,,,30001,,,,2022-05-04 10:16:21.791,2022-05-04 10:16:21.791,,1.5753584,87.552,,1166,889.34,,80.0,111.0,,,UTC+0200,SumqgnI0Fz,,,6456c6fe-fd96-45e9-b5d6-45204ca92338.com.samsung.health.exercise.live_data.json,,1.1129717,com.sec.android.app.shealth,,,,2022-05-04 10:14:43.294,6456c6fe-fd96-45e9-b5d6-45204ca92338,,
57d81806-8f35-4d13-a7cd-76b6cb9f733f.live_data_internal.json,,,133.0,,,,57d81806-8f35-4d13-a7cd-76b6cb9f733f.sensing_status.json,4,,,,,,,,,,,,1395983,,,,2022-05-08 16:49:13.921,1001,,,,,30001,,,,2022-05-08 17:14:08.082,2022-05-08 17:14:08.082,,1.6388888,84.069786,,1956,1482.21,,133.0,122.0,,,UTC+0200,SumqgnI0Fz,,,57d81806-8f35-4d13-a7cd-76b6cb9f733f.com.samsung.health.exercise.live_data.json,,1.0617679,com.sec.android.app.shealth,,,,2022-05-08 17:12:29.904,57d81806-8f35-4d13-a7cd-76b6cb9f733f,,
08f319de-9dac-467b-8166-5318f1c14932.live_data_internal.json,,,89.0,,,,08f319de-9dac-467b-8166-5318f1c14932.sensing_status.json,4,,,,,,,,,,,,927586,,,,2022-04-27 23:42:58.856,1001,,,,,30001,,,,2022-04-28 00:00:04.556,2022-04-28 00:00:04.556,,1.4991666,97.349464,,1505,1152.12,,89.0,115.0,,,UTC+0200,SumqgnI0Fz,,,08f319de-9dac-467b-8166-5318f1c14932.com.samsung.health.exercise.live_data.json,,1.2420627,com.sec.android.app.shealth,,,,2022-04-27 23:58:26.442,08f319de-9dac-467b-8166-5318f1c14932,,
,,,104.17,,,,58025cf7-fd90-416b-ad5a-a18fb946bfe3.sensing_status.json,4,,,,,,,,,,,,992371,,,,2022-05-06 17:31:31.778,0,,,,,,,,,2022-05-06 17:48:11.380,2022-05-06 17:48:11.380,,,,,,,,104.17,,,,UTC+0200,SumqgnI0Fz,,,,,,com.sec.android.app.shealth,,,,2022-05-06 17:48:03.136,58025cf7-fd90-416b-ad5a-a18fb946bfe3,,
,,,1121.1915,,,,7f66f35a-8859-405b-8f38-38b5da338d98.sensing_status.json,1,,,,,1,,,,,,,6456334,,,,2022-05-10 13:37:34.664,0,,,,,,,,,2022-05-10 15:25:28.418,2022-05-10 15:25:20.523,,,,,,,,1121.1915,,,,UTC+0200,SumqgnI0Fz,,,,,,com.sec.android.app.shealth,,,,2022-05-10 15:25:10.998,7f66f35a-8859-405b-8f38-38b5da338d98,,
24dbdf33-1821-4b69-806b-e5309264d52e.live_data_internal.json,,,67.0,,,,24dbdf33-1821-4b69-806b-e5309264d52e.sensing_status.json,4,,,,,,,,,,,,664376,,,,2022-05-04 11:15:08.131,1001,,,,,30001,,,,2022-05-04 11:27:50.792,2022-05-04 11:27:50.792,,1.5833334,86.15604,,954,725.3,,67.0,110.0,,,UTC+0200,SumqgnI0Fz,,,24dbdf33-1821-4b69-806b-e5309264d52e.com.samsung.health.exercise.live_data.json,,1.0917011,com.sec.android.app.shealth,,,,2022-05-04 11:26:12.507,24dbdf33-1821-4b69-806b-e5309264d52e,,
fca9160b-8ce7-4192-80dd-9e1a5fe3a71c.live_data_internal.json,,,100.0,,,,fca9160b-8ce7-4192-80dd-9e1a5fe3a71c.sensing_status.json,4,,,,,,,,,,,,1146574,,,,2022-05-13 08:18:47.690,1001,,,,,30001,,,,2022-05-13 08:39:33.975,2022-05-13 08:39:33.975,,1.5277778,87.286125,,1668,1270.96,,100.0,115.0,,,UTC+0200,SumqgnI0Fz,,,fca9160b-8ce7-4192-80dd-9e1a5fe3a71c.com.samsung.health.exercise.live_data.json,,1.1084849,com.sec.android.app.shealth,,,,2022-05-13 08:37:54.264,fca9160b-8ce7-4192-80dd-9e1a5fe3a71c,,
eecdb738-0660-48cb-ae9d-c3a060addd87.live_data_internal.json,,,104.0,,,,eecdb738-0660-48cb-ae9d-c3a060addd87.sensing_status.json,4,,,,,,,,,,,,1080570,,,,2022-05-06 18:01:15.364,1001,,,,,30001,,,,2022-05-06 18:20:53.952,2022-05-06 18:20:53.952,,1.5563236,98.614624,,1776,1370.64,,104.0,114.0,,,UTC+0200,SumqgnI0Fz,,,eecdb738-0660-48cb-ae9d-c3a060addd87.com.samsung.health.exercise.live_data.json,,1.2684417,com.sec.android.app.shealth,,,,2022-05-06 18:19:15.934,eecdb738-0660-48cb-ae9d-c3a060addd87,,
869e7400-0cba-4229-b043-457be743a5cc.live_data_internal.json,,,148.0,,,,869e7400-0cba-4229-b043-457be743a5cc.sensing_status.json,4,,,,,,,,,,,,1521651,,,,2022-05-01 16:59:03.080,1001,,,,,30001,,,,2022-05-01 17:26:04.167,2022-05-01 17:26:04.167,,1.5937148,87.812515,,2227,1726.25,,148.0,116.0,,,UTC+0200,SumqgnI0Fz,,,869e7400-0cba-4229-b043-457be743a5cc.com.samsung.health.exercise.live_data.json,,1.1344585,com.sec.android.app.shealth,,,,2022-05-01 17:24:24.731,869e7400-0cba-4229-b043-457be743a5cc,,
0d5ea50c-1e45-4bfc-8944-da47a0381280.live_data_internal.json,,,103.0,,,,0d5ea50c-1e45-4bfc-8944-da47a0381280.sensing_status.json,4,,,,,,,,,,,,1074071,,,,2022-05-01 21:27:10.956,1001,,,,,30001,,,,2022-05-01 21:46:43.490,2022-05-01 21:46:43.490,,1.4438701,93.234055,,1669,1250.36,,103.0,106.0,,,UTC+0200,SumqgnI0Fz,,,0d5ea50c-1e45-4bfc-8944-da47a0381280.com.samsung.health.exercise.live_data.json,,1.1641315,com.sec.android.app.shealth,,,,2022-05-01 21:45:05.027,0d5ea50c-1e45-4bfc-8944-da47a0381280,,
6b123fc6-a80a-4a60-8e18-88e0242d7c87.live_data_internal.json,,,148.28372,,,,6b123fc6-a80a-4a60-8e18-88e0242d7c87.sensing_status.json,4,,,,,,73,,,,,,1250808,,,,2022-05-20 16:03:12.336,0,,,,122.0,,,,142.0,2022-05-20 16:24:02.392,2022-05-20 16:24:02.392,,,,85.0,,,,148.28,,,,UTC+0200,SumqgnI0Fz,,,6b123fc6-a80a-4a60-8e18-88e0242d7c87.com.samsung.health.exercise.live_data.json,,,com.sec.android.app.shealth,,,,2022-05-20 16:24:03.317,6b123fc6-a80a-4a60-8e18-88e0242d7c87,,
d9ce551f-d007-40a0-90eb-14209082033a.live_data_internal.json,,,109.0,,,,d9ce551f-d007-40a0-90eb-14209082033a.sensing_status.json,4,,,,,,,,,,,,1090144,,,,2022-05-10 15:25:30.132,1001,,,,,30001,,,,2022-05-10 15:45:18.123,2022-05-10 15:45:18.123,,1.6666666,84.7044,,1539,1153.16,,109.0,118.0,,,UTC+0200,SumqgnI0Fz,,,d9ce551f-d007-40a0-90eb-14209082033a.com.samsung.health.exercise.live_data.json,,1.0578052,com.sec.android.app.shealth,,,,2022-05-10 15:43:40.276,d9ce551f-d007-40a0-90eb-14209082033a,,
ec796cbe-50ad-402a-826c-afe07c681909.live_data_internal.json,,,59.0,,,,ec796cbe-50ad-402a-826c-afe07c681909.sensing_status.json,4,,,,,,,,,,,,1042379,,,,2022-05-10 07:06:03.098,1001,,,,,30001,,,,2022-05-10 07:25:03.357,2022-05-10 07:25:03.357,,1.5277778,107.98375,,1876,843.54,,59.0,116.0,,,UTC+0200,SumqgnI0Fz,,,ec796cbe-50ad-402a-826c-afe07c681909.com.samsung.health.exercise.live_data.json,,0.809245,com.sec.android.app.shealth,,,,2022-05-10 07:23:25.477,ec796cbe-50ad-402a-826c-afe07c681909,,
e2176731-ad28-406c-b149-61f13929dc08.live_data_internal.json,,,126.0,,,,e2176731-ad28-406c-b149-61f13929dc08.sensing_status.json,4,,,,,,114,,,,,,1276833,,,,2022-05-20 13:59:13.624,1001,,,,116.0,30001,,,130.0,2022-05-20 14:22:00.977,2022-05-20 14:22:00.977,,1.6959908,86.134995,93.0,1833,1417.53,,126.0,121.0,,,UTC+0200,SumqgnI0Fz,,,e2176731-ad28-406c-b149-61f13929dc08.com.samsung.health.exercise.live_data.json,,1.1101922,com.sec.android.app.shealth,,,,2022-05-20 14:20:30.457,e2176731-ad28-406c-b149-61f13929dc08,,
388c1621-2a9d-424b-b5a4-d0357214129f.live_data_internal.json,,,76.0,,,,388c1621-2a9d-424b-b5a4-d0357214129f.sensing_status.json,4,,,,,,,,,,,,854413,,,,2022-05-02 20:59:43.363,1001,,,,,30001,,,,2022-05-02 21:15:35.679,2022-05-02 21:15:35.679,,1.4846486,87.287994,,1243,945.0,,76.0,115.0,,,UTC+0200,SumqgnI0Fz,,,388c1621-2a9d-424b-b5a4-d0357214129f.com.samsung.health.exercise.live_data.json,,1.1060225,com.sec.android.app.shealth,,,,2022-05-02 21:13:57.776,388c1621-2a9d-424b-b5a4-d0357214129f,,
37de0de6-d662-4a0a-913b-2ddee29b4875.live_data_internal.json,,,108.0,,,,37de0de6-d662-4a0a-913b-2ddee29b4875.sensing_status.json,4,,,,,,,,,,,,1115738,,,,2022-05-02 23:11:48.834,1001,,,,,30001,,,,2022-05-02 23:32:02.816,2022-05-02 23:32:02.816,,1.550125,105.61619,,1964,1508.36,,108.0,118.0,,,UTC+0200,SumqgnI0Fz,,,37de0de6-d662-4a0a-913b-2ddee29b4875.com.samsung.health.exercise.live_data.json,,1.3518944,com.sec.android.app.shealth,,,,2022-05-02 23:30:24.572,37de0de6-d662-4a0a-913b-2ddee29b4875,,
916b0410-3d2a-4d43-b0fd-f5ba1abba707.live_data_internal.json,,,87.0,,,,916b0410-3d2a-4d43-b0fd-f5ba1abba707.sensing_status.json,4,,,,,,76,,,,,,906644,,,,2022-05-23 10:57:13.773,1001,,,,118.0,30001,,,134.0,2022-05-23 11:13:51.537,2022-05-23 11:13:51.537,,1.4723333,99.26719,90.0,1500,1152.07,,87.0,113.0,,,UTC+0200,SumqgnI0Fz,,,916b0410-3d2a-4d43-b0fd-f5ba1abba707.com.samsung.health.exercise.live_data.json,,1.2706971,com.sec.android.app.shealth,,,,2022-05-23 11:12:20.417,916b0410-3d2a-4d43-b0fd-f5ba1abba707,,
,,,805.3704,,,,afadf366-53b7-4168-8cfd-9de71463a5a8.sensing_status.json,1,,,,,1,,,,,,,4925593,,,,2022-05-06 16:00:53.324,0,,,,,,,,,2022-05-06 17:23:15.151,2022-05-06 17:23:07.654,,,,,,,,805.3704,,,,UTC+0200,SumqgnI0Fz,,,,,,com.sec.android.app.shealth,,,,2022-05-06 17:22:58.917,afadf366-53b7-4168-8cfd-9de71463a5a8,,
2c1faf60-26e1-4f2c-a453-589fc65a615a.live_data_internal.json,,,921.1908,,,,2c1faf60-26e1-4f2c-a453-589fc65a615a.sensing_status.json,1,,,,,1,543,,,,,,5412688,,,,2022-05-20 14:25:09.124,0,,,,143.0,,,,190.0,2022-05-21 07:36:19.689,2022-05-20 15:55:22.413,,,,95.0,,,,921.1908,,,,UTC+0200,SumqgnI0Fz,,,2c1faf60-26e1-4f2c-a453-589fc65a615a.com.samsung.health.exercise.live_data.json,,,com.sec.android.app.shealth,,,,2022-05-20 15:55:21.812,2c1faf60-26e1-4f2c-a453-589fc65a615a,,
eb0c24a8-bf03-47c9-a7d2-702f805dfeb9.live_data_internal.json,,,71.0,,,,eb0c24a8-bf03-47c9-a7d2-702f805dfeb9.sensing_status.json,4,,,,,,,,,,,,799015,,,,2022-05-13 08:46:54.368,1001,,,,,30001,,,,2022-05-13 09:01:51.554,2022-05-13 09:01:51.554,,1.8055556,107.00675,,1425,1019.95,,71.0,112.0,,,UTC+0200,SumqgnI0Fz,,,eb0c24a8-bf03-47c9-a7d2-702f805dfeb9.com.samsung.health.exercise.live_data.json,,1.2765092,com.sec.android.app.shealth,,,,2022-05-13 09:00:13.383,eb0c24a8-bf03-47c9-a7d2-702f805dfeb9,,
be8d8335-f9c7-44b9-a3c2-70bcda22aba2.live_data_internal.json,,,94.0,,,,be8d8335-f9c7-44b9-a3c2-70bcda22aba2.sensing_status.json,4,,,,,,,,,,,,909143,,,,2022-05-06 15:44:01.451,1001,,,,,30001,,,,2022-05-06 16:00:52.551,2022-05-06 16:00:52.551,,1.6779073,86.587036,,1312,1051.21,,94.0,430.43234,,,UTC+0200,SumqgnI0Fz,,,be8d8335-f9c7-44b9-a3c2-70bcda22aba2.com.samsung.health.exercise.live_data.json,,1.1562647,com.sec.android.app.shealth,,,,2022-05-06 15:59:10.594,be8d8335-f9c7-44b9-a3c2-70bcda22aba2,,
7e166d83-8fa1-43f8-8776-f114f30d3a41.live_data_internal.json,,,723.9708,,,,7e166d83-8fa1-43f8-8776-f114f30d3a41.sensing_status.json,1,,,,,1,447,,,,,,4443114,,,,2022-05-23 09:13:54.158,0,,,,137.0,,,,190.0,2022-05-23 10:28:40.192,2022-05-23 10:27:58.008,,,,110.0,,,,723.9708,,,,UTC+0200,SumqgnI0Fz,,,7e166d83-8fa1-43f8-8776-f114f30d3a41.com.samsung.health.exercise.live_data.json,,,com.sec.android.app.shealth,,,,2022-05-23 10:27:57.272,7e166d83-8fa1-43f8-8776-f114f30d3a41,,
3715eccc-4a39-4ace-a627-a7b734413ffa.live_data_internal.json,,,129.24074,,,,3715eccc-4a39-4ace-a627-a7b734413ffa.sensing_status.json,4,,,,,,,,,,,,1383060,,,,2022-05-10 13:14:20.484,1001,,,,,30001,,,,2022-05-10 13:37:43.200,2022-05-10 13:37:43.200,,1.7478075,77.04655,,1776,1344.84,,129.0,120.0,,,UTC+0200,SumqgnI0Fz,,,3715eccc-4a39-4ace-a627-a7b734413ffa.com.samsung.health.exercise.live_data.json,,0.97236556,com.sec.android.app.shealth,,,,2022-05-10 13:37:34.722,3715eccc-4a39-4ace-a627-a7b734413ffa,,
1de060b1-86fc-4d18-b765-cb14fa12d0f6.live_data_internal.json,,,300.0,,,,1de060b1-86fc-4d18-b765-cb14fa12d0f6.sensing_status.json,4,,,,,,324,,,,,,3368974,,,,2022-05-27 23:55:34.162,1001,,,,107.0,30001,,,120.0,2022-05-28 00:53:13.206,2022-05-28 00:53:13.206,,1.4722222,89.74245,93.0,5039,3694.62,,300.0,111.0,,,UTC+0200,SumqgnI0Fz,,,1de060b1-86fc-4d18-b765-cb14fa12d0f6.com.samsung.health.exercise.live_data.json,,1.0966603,com.sec.android.app.shealth,,,,2022-05-28 00:51:43.136,1de060b1-86fc-4d18-b765-cb14fa12d0f6,,
415efbb9-130c-4167-b0af-2fb2f30d137e.live_data_internal.json,,,63.0,,,,415efbb9-130c-4167-b0af-2fb2f30d137e.sensing_status.json,4,,,,,,,,,,,,605283,,,,2022-05-10 07:24:57.739,1001,,,,,30001,,,,2022-05-10 07:36:41.823,2022-05-10 07:36:41.823,,1.5,109.832924,,1108,846.74,,63.0,115.0,,,UTC+0200,SumqgnI0Fz,,,415efbb9-130c-4167-b0af-2fb2f30d137e.com.samsung.health.exercise.live_data.json,,1.3989158,com.sec.android.app.shealth,,,,2022-05-10 07:35:03.022,415efbb9-130c-4167-b0af-2fb2f30d137e,,
,,,,1,,,,4,0,0,,,,,,,,,,992000,,,,2022-05-20 14:24:28.000,1002,,,,,30001,,,,2022-05-20 14:43:25.468,2022-05-20 14:43:25.468,,4.25,,,1939,2051.03,,144.65,,,,UTC+0200,3JD7PDJoKB,,,c2d9b7e7-b80a-4ee3-a4fc-c1a4499a192f.com.samsung.health.exercise.live_data.json,,2.0675704,com.sec.android.app.shealth,,,,2022-05-20 14:41:00.000,c2d9b7e7-b80a-4ee3-a4fc-c1a4499a192f,,
f08860d2-63f4-4188-9748-cb6c2a29e0f4.live_data_internal.json,,,104.28,,,,f08860d2-63f4-4188-9748-cb6c2a29e0f4.sensing_status.json,4,,,,,,63,,,,,,1077564,,,,2022-05-23 10:33:37.036,0,,,,116.0,,,,135.0,2022-05-23 10:51:33.556,2022-05-23 10:51:33.556,,,,98.0,,,,104.28,,,,UTC+0200,SumqgnI0Fz,,,f08860d2-63f4-4188-9748-cb6c2a29e0f4.com.samsung.health.exercise.live_data.json,,,com.sec.android.app.shealth,,,,2022-05-23 10:51:33.501,f08860d2-63f4-4188-9748-cb6c2a29e0f4,,
f6ad5ba8-1d98-45d9-9609-8b6d4b9af5f6.live_data_internal.json,,,117.0,,,,f6ad5ba8-1d98-45d9-9609-8b6d4b9af5f6.sensing_status.json,4,,,,,,107,,,,,,1221700,,,,2022-05-20 16:24:32.559,1001,,,,122.0,30001,,,136.0,2022-05-20 16:46:25.264,2022-05-20 16:46:25.264,,1.6129403,90.66056,104.0,1846,1423.37,,117.0,118.0,,,UTC+0200,SumqgnI0Fz,,,f6ad5ba8-1d98-45d9-9609-8b6d4b9af5f6.com.samsung.health.exercise.live_data.json,,1.1650733,com.sec.android.app.shealth,,,,2022-05-20 16:44:54.259,f6ad5ba8-1d98-45d9-9609-8b6d4b9af5f6,,
0a1f61a8-0845-47df-862f-5ad9d3dd2ccf.live_data_internal.json,,,62.0,,,,0a1f61a8-0845-47df-862f-5ad9d3dd2ccf.sensing_status.json,4,,,,,,47,,,,,,613960,,,,2022-05-27 18:27:24.838,1001,,,,106.0,30001,,,115.0,2022-05-27 18:39:09.211,2022-05-27 18:39:09.211,,1.7736051,62.05616,81.0,635,548.96,,62.0,99.0,,,UTC+0200,SumqgnI0Fz,,,0a1f61a8-0845-47df-862f-5ad9d3dd2ccf.com.samsung.health.exercise.live_data.json,,0.89412993,com.sec.android.app.shealth,,,,2022-05-27 18:37:38.798,0a1f61a8-0845-47df-862f-5ad9d3dd2ccf,,
4b9030b4-f87e-4d34-9d91-7d6b389a0c05.live_data_internal.json,,,86.0,,,,4b9030b4-f87e-4d34-9d91-7d6b389a0c05.sensing_status.json,4,,,,,,,,,,,,932405,,,,2022-05-20 07:49:06.133,1001,,,,,30001,,,,2022-05-20 08:06:16.990,2022-05-20 08:06:16.990,,1.4769115,93.75754,,1457,1106.17,,86.0,115.0,,,UTC+0200,SumqgnI0Fz,,,4b9030b4-f87e-4d34-9d91-7d6b389a0c05.com.samsung.health.exercise.live_data.json,,1.1863621,com.sec.android.app.shealth,,,,2022-05-20 08:04:38.538,4b9030b4-f87e-4d34-9d91-7d6b389a0c05,,
e385991a-bcee-40f9-b53d-0813ded582c4.live_data_internal.json,,,60.0,,,,e385991a-bcee-40f9-b53d-0813ded582c4.sensing_status.json,4,,,,,,50,,,,,,629932,,,,2022-05-28 23:43:07.608,1001,,,,91.0,30001,,,114.0,2022-05-28 23:55:07.815,2022-05-28 23:55:07.815,,2.0128894,66.48337,73.0,698,510.1,,60.0,116.675545,,,UTC+0200,SumqgnI0Fz,,,e385991a-bcee-40f9-b53d-0813ded582c4.com.samsung.health.exercise.live_data.json,,0.8097699,com.sec.android.app.shealth,,,,2022-05-28 23:53:37.540,e385991a-bcee-40f9-b53d-0813ded582c4,,
7f350cda-3783-4400-9dc1-98294ff8735b.live_data_internal.json,,,101.0,,,,7f350cda-3783-4400-9dc1-98294ff8735b.sensing_status.json,4,,,,,,81,,,,,,947654,,,,2022-05-23 08:53:14.989,1001,,,,113.0,30001,,,127.0,2022-05-23 09:10:33.462,2022-05-23 09:10:33.462,,1.5886667,106.74782,103.0,1686,1307.95,,101.0,120.0,,,UTC+0200,SumqgnI0Fz,,,7f350cda-3783-4400-9dc1-98294ff8735b.com.samsung.health.exercise.live_data.json,,1.3801978,com.sec.android.app.shealth,,,,2022-05-23 09:09:02.643,7f350cda-3783-4400-9dc1-98294ff8735b,,
0235bd97-4d65-49c6-b6f2-a17960ade166.live_data_internal.json,,,194.0,,,,0235bd97-4d65-49c6-b6f2-a17960ade166.sensing_status.json,4,,,,,,236,,,,,,2507435,,,,2022-05-27 21:11:08.025,1001,,,,115.0,30001,,,128.0,2022-05-27 21:54:26.930,2022-05-27 21:54:26.930,,1.5277778,100.76432,99.0,4211,2642.41,,194.0,110.0,,,UTC+0200,SumqgnI0Fz,,,0235bd97-4d65-49c6-b6f2-a17960ade166.com.samsung.health.exercise.live_data.json,,1.0538299,com.sec.android.app.shealth,,,,2022-05-27 21:52:55.460,0235bd97-4d65-49c6-b6f2-a17960ade166,,
5a8859a0-2389-4b8e-8123-54a6fe2566bf.live_data_internal.json,,,73.0,,,,5a8859a0-2389-4b8e-8123-54a6fe2566bf.sensing_status.json,4,,,,,,70,,,,,,826365,,,,2022-05-28 17:27:35.765,1001,,,,92.0,30001,,,110.0,2022-05-28 17:42:53.077,2022-05-28 17:42:53.077,,1.5555556,73.76885,66.0,1016,655.58,,73.0,103.0,,,UTC+0200,SumqgnI0Fz,,,5a8859a0-2389-4b8e-8123-54a6fe2566bf.com.samsung.health.exercise.live_data.json,,0.79332983,com.sec.android.app.shealth,,,,2022-05-28 17:41:22.130,5a8859a0-2389-4b8e-8123-54a6fe2566bf,,
22229e54-55f6-44f0-8fc2-aca73be63aff.live_data_internal.json,,,75.0,,,,22229e54-55f6-44f0-8fc2-aca73be63aff.sensing_status.json,4,,,,,,58,,,,,,718925,,,,2022-05-27 09:05:33.447,1001,,,,111.0,30001,,,119.0,2022-05-27 09:19:02.874,2022-05-27 09:19:02.874,,1.703435,82.62336,100.0,990,780.91,,75.0,124.0,,,UTC+0200,SumqgnI0Fz,,,22229e54-55f6-44f0-8fc2-aca73be63aff.com.samsung.health.exercise.live_data.json,,1.086219,com.sec.android.app.shealth,,,,2022-05-27 09:17:32.372,22229e54-55f6-44f0-8fc2-aca73be63aff,,
637e2a9a-9d23-466f-a7b4-72ed615d9f4e.live_data_internal.json,,,106.0,,,,637e2a9a-9d23-466f-a7b4-72ed615d9f4e.sensing_status.json,4,,,,,,96,,,,,,1081921,,,,2022-05-21 08:22:46.972,1001,,,,98.0,30001,,,111.0,2022-05-21 08:42:20.317,2022-05-21 08:42:20.317,,1.5,83.85085,80.0,1512,1146.32,,106.0,110.0,,,UTC+0200,SumqgnI0Fz,,,637e2a9a-9d23-466f-a7b4-72ed615d9f4e.com.samsung.health.exercise.live_data.json,,1.0595227,com.sec.android.app.shealth,,,,2022-05-21 08:40:48.893,637e2a9a-9d23-466f-a7b4-72ed615d9f4e,,
a4bca10e-4ff1-4b49-babd-de899e33796a.live_data_internal.json,,,75.0,,,,a4bca10e-4ff1-4b49-babd-de899e33796a.sensing_status.json,4,,,,,,79,,,,,,923109,,,,2022-05-28 17:44:37.015,1001,,,,98.0,30001,,,120.0,2022-05-28 18:01:30.285,2022-05-28 18:01:30.285,,1.2025156,100.48651,82.0,1546,934.93,,75.0,116.0,,,UTC+0200,SumqgnI0Fz,,,a4bca10e-4ff1-4b49-babd-de899e33796a.com.samsung.health.exercise.live_data.json,,1.0128056,com.sec.android.app.shealth,,,,2022-05-28 18:00:00.124,a4bca10e-4ff1-4b49-babd-de899e33796a,,
e880de98-d76f-4181-a9e0-86eca2c34738.live_data_internal.json,,,267.0,,,,e880de98-d76f-4181-a9e0-86eca2c34738.sensing_status.json,4,,,,,,277,,,,,,2891582,,,,2022-05-28 00:57:51.678,1001,,,,133.0,30001,,,154.0,2022-05-28 01:47:33.618,2022-05-28 01:47:33.618,,1.5435598,86.61002,119.0,4174,3158.76,,267.0,109.0,,,UTC+0200,SumqgnI0Fz,,,e880de98-d76f-4181-a9e0-86eca2c34738.com.samsung.health.exercise.live_data.json,,1.0923985,com.sec.android.app.shealth,,,,2022-05-28 01:46:03.260,e880de98-d76f-4181-a9e0-86eca2c34738,,
6ded2bce-d553-4573-a500-9b47ff0a3a35.live_data_internal.json,,,137.0,,,,6ded2bce-d553-4573-a500-9b47ff0a3a35.sensing_status.json,4,,,,,,140,,,,,,1605884,,,,2022-05-30 13:50:39.506,1001,,,,102.0,30001,,,128.0,2022-05-30 14:18:56.535,2022-05-30 14:18:56.535,,2.1666667,91.98672,82.0,2462,1524.24,,137.0,113.0,,,UTC+0200,SumqgnI0Fz,,,6ded2bce-d553-4573-a500-9b47ff0a3a35.com.samsung.health.exercise.live_data.json,,0.94915944,com.sec.android.app.shealth,,,,2022-05-30 14:17:25.390,6ded2bce-d553-4573-a500-9b47ff0a3a35,,
bbb3b153-77c6-4791-8032-591a4b3bde46.live_data_internal.json,,,103.0,,,,bbb3b153-77c6-4791-8032-591a4b3bde46.sensing_status.json,4,,,,,,104,,,,,,1152952,,,,2022-06-01 13:02:07.148,1001,,,,96.0,30001,,,112.0,2022-06-01 13:22:50.424,2022-06-01 13:22:50.424,,1.1978334,87.47978,82.0,1681,1032.04,,103.0,114.0,,,UTC+0200,SumqgnI0Fz,,,bbb3b153-77c6-4791-8032-591a4b3bde46.com.samsung.health.exercise.live_data.json,,0.89512837,com.sec.android.app.shealth,,,,2022-06-01 13:21:20.100,bbb3b153-77c6-4791-8032-591a4b3bde46,,
947ae6fe-7ac9-4e8e-b7c7-75c0ba474131.live_data_internal.json,,,833.38055,,,,947ae6fe-7ac9-4e8e-b7c7-75c0ba474131.sensing_status.json,1,,,,,1,477,,,,,,4744556,,,,2022-05-27 09:24:01.370,0,,,,144.0,,,,185.0,2022-05-27 10:43:13.095,2022-05-27 10:43:06.631,,,,86.0,,,,833.38055,,,,UTC+0200,SumqgnI0Fz,,,947ae6fe-7ac9-4e8e-b7c7-75c0ba474131.com.samsung.health.exercise.live_data.json,,,com.sec.android.app.shealth,,,,2022-05-27 10:43:05.926,947ae6fe-7ac9-4e8e-b7c7-75c0ba474131,,
bf32a7a9-952b-485a-94f7-704cd57fa114.live_data_internal.json,,,84.0,,,,bf32a7a9-952b-485a-94f7-704cd57fa114.sensing_status.json,4,,,,,,95,,,,,,1077567,,,,2022-05-27 10:57:46.341,1001,,,,123.0,30001,,,143.0,2022-05-27 11:17:13.378,2022-05-27 11:17:13.378,,1.6010413,78.62156,69.0,1412,961.34,,84.0,119.0,,,UTC+0200,SumqgnI0Fz,,,bf32a7a9-952b-485a-94f7-704cd57fa114.com.samsung.health.exercise.live_data.json,,0.89213943,com.sec.android.app.shealth,,,,2022-05-27 11:15:43.908,bf32a7a9-952b-485a-94f7-704cd57fa114,,
a3de861f-ff5c-4731-8509-c9767f32b7ec.live_data_internal.json,,,84.0,,,,a3de861f-ff5c-4731-8509-c9767f32b7ec.sensing_status.json,4,,,,,,106,,,,,,1203332,,,,2022-05-30 08:05:42.449,1001,,,,99.0,30001,,,116.0,2022-05-30 08:27:15.646,2022-05-30 08:27:15.646,,1.31162,94.63722,77.0,1898,940.67,,84.0,120.0,,,UTC+0200,SumqgnI0Fz,,,a3de861f-ff5c-4731-8509-c9767f32b7ec.com.samsung.health.exercise.live_data.json,,0.78172106,com.sec.android.app.shealth,,,,2022-05-30 08:25:45.781,a3de861f-ff5c-4731-8509-c9767f32b7ec,,
c6d2658e-f5a6-4f93-89bb-37b5de52ca86.live_data_internal.json,,,81.0,,,,c6d2658e-f5a6-4f93-89bb-37b5de52ca86.sensing_status.json,4,,,,,,80,,,,,,935819,,,,2022-06-01 11:48:01.172,1001,,,,103.0,30001,,,119.0,2022-06-01 12:05:07.275,2022-06-01 12:05:07.275,,1.3897028,94.63369,72.0,1476,926.61,,81.0,118.0,,,UTC+0200,SumqgnI0Fz,,,c6d2658e-f5a6-4f93-89bb-37b5de52ca86.com.samsung.health.exercise.live_data.json,,0.99015945,com.sec.android.app.shealth,,,,2022-06-01 12:03:36.991,c6d2658e-f5a6-4f93-89bb-37b5de52ca86,,
68cfd2f7-fd0d-4ead-82f2-a3a172a9c0ff.live_data_internal.json,,,46.0,,,,68cfd2f7-fd0d-4ead-82f2-a3a172a9c0ff.sensing_status.json,4,,,,,,51,,,,,,637768,,,,2022-06-04 22:11:01.943,1001,,,,135.0,30001,,,144.0,2022-06-04 22:23:09.945,2022-06-04 22:23:09.945,,1.1666666,86.64593,128.0,921,524.06,,46.0,98.0,,,UTC+0200,SumqgnI0Fz,,,68cfd2f7-fd0d-4ead-82f2-a3a172a9c0ff.com.samsung.health.exercise.live_data.json,,0.82170945,com.sec.android.app.shealth,,,,2022-06-04 22:21:39.711,68cfd2f7-fd0d-4ead-82f2-a3a172a9c0ff,,
784db145-bd73-4c5f-b412-52369ec1a252.live_data_internal.json,,,174.0,,,,784db145-bd73-4c5f-b412-52369ec1a252.sensing_status.json,4,,,,,,181,,,,,,1948865,,,,2022-05-28 13:41:19.618,1001,,,,96.0,30001,,,112.0,2022-05-28 14:15:18.687,2022-05-28 14:15:18.687,,1.5574193,76.044266,74.0,2470,1844.29,,174.0,112.0,,,UTC+0200,SumqgnI0Fz,,,784db145-bd73-4c5f-b412-52369ec1a252.com.samsung.health.exercise.live_data.json,,0.94634056,com.sec.android.app.shealth,,,,2022-05-28 14:13:48.483,784db145-bd73-4c5f-b412-52369ec1a252,,
fb859647-ca8e-4df5-8d6e-1a53cf75f27c.live_data_internal.json,,,78.0,,,,fb859647-ca8e-4df5-8d6e-1a53cf75f27c.sensing_status.json,4,,,,,,82,,,,,,951071,,,,2022-06-05 00:29:33.248,1001,,,,117.0,30001,,,137.0,2022-06-05 00:46:54.413,2022-06-05 00:46:54.413,,1.2439116,86.49197,107.0,1371,856.33,,78.0,108.0,,,UTC+0200,SumqgnI0Fz,,,fb859647-ca8e-4df5-8d6e-1a53cf75f27c.com.samsung.health.exercise.live_data.json,,0.90038496,com.sec.android.app.shealth,,,,2022-06-05 00:45:24.319,fb859647-ca8e-4df5-8d6e-1a53cf75f27c,,
f0fd3475-762f-4ebe-ab86-2334a7b9bc47.live_data_internal.json,,,1.84,,,,f0fd3475-762f-4ebe-ab86-2334a7b9bc47.sensing_status.json,1,,,,,,3,,,,,,29986,,,,2022-06-01 14:28:35.292,10001,,,,89.333336,,,,92.0,2022-06-01 14:29:05.846,2022-06-01 14:29:05.846,,,,,,,,1.84,,,,UTC+0200,SumqgnI0Fz,,,f0fd3475-762f-4ebe-ab86-2334a7b9bc47.com.samsung.health.exercise.live_data.json,,,com.sec.android.app.shealth,,,,2022-06-01 14:29:05.278,f0fd3475-762f-4ebe-ab86-2334a7b9bc47,,
624eb14f-1f23-4d7c-a2d7-114e75e1ace2.live_data_internal.json,,,104.0,,,,624eb14f-1f23-4d7c-a2d7-114e75e1ace2.sensing_status.json,4,,,,,,109,,,,,,1226911,,,,2022-06-04 23:54:20.363,1001,,,,135.0,30001,,,158.0,2022-06-05 00:16:17.803,2022-06-05 00:16:17.803,,1.1944444,95.11692,112.0,1945,1183.52,,104.0,108.0,,,UTC+0200,SumqgnI0Fz,,,624eb14f-1f23-4d7c-a2d7-114e75e1ace2.com.samsung.health.exercise.live_data.json,,0.96463394,com.sec.android.app.shealth,,,,2022-06-05 00:14:47.274,624eb14f-1f23-4d7c-a2d7-114e75e1ace2,,
4f29905d-3fa3-42c0-9e1b-1e9610e91a54.live_data_internal.json,,,91.0,,,,4f29905d-3fa3-42c0-9e1b-1e9610e91a54.sensing_status.json,4,,,,,,97,,,,,,1100660,,,,2022-06-09 09:20:14.311,1001,,,,99.0,30001,,,113.0,2022-06-09 09:40:06.701,2022-06-09 09:40:06.701,,1.1941668,101.938835,69.0,1870,1140.12,,91.0,114.0,,,UTC+0200,SumqgnI0Fz,,,4f29905d-3fa3-42c0-9e1b-1e9610e91a54.com.samsung.health.exercise.live_data.json,,1.0358511,com.sec.android.app.shealth,,,,2022-06-09 09:38:34.971,4f29905d-3fa3-42c0-9e1b-1e9610e91a54,,
b52fbc5c-a9eb-4a66-917a-812957978b0a.live_data_internal.json,,,104.0,,,,b52fbc5c-a9eb-4a66-917a-812957978b0a.sensing_status.json,4,,,,,,107,,,,,,1198375,,,,2022-05-30 09:33:15.090,1001,,,,95.0,30001,,,113.0,2022-05-30 09:54:44.013,2022-05-30 09:54:44.013,,1.1966667,80.90956,77.0,1616,992.14,,104.0,116.0,,,UTC+0200,SumqgnI0Fz,,,b52fbc5c-a9eb-4a66-917a-812957978b0a.com.samsung.health.exercise.live_data.json,,0.82790446,com.sec.android.app.shealth,,,,2022-05-30 09:53:13.465,b52fbc5c-a9eb-4a66-917a-812957978b0a,,
fed6518f-cb7f-41bf-9edd-a37f5dc5285a.live_data_internal.json,,,89.0,,,,fed6518f-cb7f-41bf-9edd-a37f5dc5285a.sensing_status.json,4,,,,,,88,,,,,,1020250,,,,2022-06-10 14:35:58.814,1001,,,,109.0,30001,,,121.0,2022-06-10 14:54:29.368,2022-06-10 14:54:29.368,,1.2777778,92.44792,82.0,1572,923.37,,89.0,119.0,,,UTC+0200,SumqgnI0Fz,,,fed6518f-cb7f-41bf-9edd-a37f5dc5285a.com.samsung.health.exercise.live_data.json,,0.9050429,com.sec.android.app.shealth,,,,2022-06-10 14:52:59.064,fed6518f-cb7f-41bf-9edd-a37f5dc5285a,,
3ab628ee-7353-4842-812e-6d7a8b5713c5.live_data_internal.json,,,68.0,,,,3ab628ee-7353-4842-812e-6d7a8b5713c5.sensing_status.json,4,,,,,,73,,,,,,858526,,,,2022-06-09 09:41:31.789,1001,,,,88.0,30001,,,103.0,2022-06-09 09:57:20.075,2022-06-09 09:57:20.075,,1.1844492,79.25211,70.0,1134,676.54,,68.0,111.0,,,UTC+0200,SumqgnI0Fz,,,3ab628ee-7353-4842-812e-6d7a8b5713c5.com.samsung.health.exercise.live_data.json,,0.788025,com.sec.android.app.shealth,,,,2022-06-09 09:55:50.315,3ab628ee-7353-4842-812e-6d7a8b5713c5,,
c810b058-1b69-4606-80ab-00579abdd2fd.live_data_internal.json,,,46.0,,,,c810b058-1b69-4606-80ab-00579abdd2fd.sensing_status.json,4,,,,,,50,,,,,,622562,,,,2022-06-03 23:26:30.973,1001,,,,111.0,30001,,,121.0,2022-06-03 23:38:24.720,2022-06-03 23:38:24.720,,1.0833334,91.26801,99.0,947,543.21,,46.0,106.0,,,UTC+0200,SumqgnI0Fz,,,c810b058-1b69-4606-80ab-00579abdd2fd.com.samsung.health.exercise.live_data.json,,0.87253964,com.sec.android.app.shealth,,,,2022-06-03 23:36:53.535,c810b058-1b69-4606-80ab-00579abdd2fd,,
aaa71f01-5090-451f-8560-35454875b554.live_data_internal.json,,,949.8856,,,,aaa71f01-5090-451f-8560-35454875b554.sensing_status.json,7,,,,,,589,,,,aaa71f01-5090-451f-8560-35454875b554.location_data_internal.json,,6001740,,,aaa71f01-5090-451f-8560-35454875b554.com.samsung.health.exercise.location_data.json,2022-05-28 14:16:06.661,1001,,156.049,407.302,86.0,30001,,88.899,117.0,2022-05-28 17:07:02.217,2022-05-28 17:07:02.217,,2.101,74.97825,63.0,7500,4582.45,,858.345,144.0,378.072,43.27,UTC+0200,SumqgnI0Fz,,,aaa71f01-5090-451f-8560-35454875b554.com.samsung.health.exercise.live_data.json,,0.76352024,com.sec.android.app.shealth,,,,2022-05-28 17:06:58.882,aaa71f01-5090-451f-8560-35454875b554,,
e422d81c-5644-4a76-aca7-da0536b47ecc.live_data_internal.json,,,874.9302,,,,e422d81c-5644-4a76-aca7-da0536b47ecc.sensing_status.json,1,,,,,1,544,,,,,,5410983,,,,2022-06-14 09:38:51.560,0,,,,136.0,,,,189.0,2022-06-14 11:10:22.266,2022-06-14 11:09:04.899,,,,93.0,,,,874.9302,,,,UTC+0200,SumqgnI0Fz,,,e422d81c-5644-4a76-aca7-da0536b47ecc.com.samsung.health.exercise.live_data.json,,,com.sec.android.app.shealth,,,,2022-06-14 11:09:02.543,e422d81c-5644-4a76-aca7-da0536b47ecc,,
a5a927d9-e9e5-4848-be55-2eac14a6c2ea.live_data_internal.json,,,93.0,,,,a5a927d9-e9e5-4848-be55-2eac14a6c2ea.sensing_status.json,4,,,,,,88,,,,,,1023429,,,,2022-06-08 14:22:42.557,1001,,,,111.0,30001,,,128.0,2022-06-08 14:41:17.511,2022-06-08 14:41:17.511,,1.2222222,106.40699,98.0,1815,1127.16,,93.0,116.0,,,UTC+0200,SumqgnI0Fz,,,a5a927d9-e9e5-4848-be55-2eac14a6c2ea.com.samsung.health.exercise.live_data.json,,1.1013564,com.sec.android.app.shealth,,,,2022-06-08 14:39:45.986,a5a927d9-e9e5-4848-be55-2eac14a6c2ea,,
86088a9b-4292-428b-8695-bfa42cd9c9a4.live_data_internal.json,,,88.0,,,,86088a9b-4292-428b-8695-bfa42cd9c9a4.sensing_status.json,4,,,,,,94,,,,,,1062206,,,,2022-06-14 09:16:28.490,1001,,,,119.0,30001,,,138.0,2022-06-14 09:35:40.633,2022-06-14 09:35:40.633,,1.3216668,100.26303,86.0,1775,1037.53,,88.0,123.0,,,UTC+0200,SumqgnI0Fz,,,86088a9b-4292-428b-8695-bfa42cd9c9a4.com.samsung.health.exercise.live_data.json,,0.9767691,com.sec.android.app.shealth,,,,2022-06-14 09:34:10.696,86088a9b-4292-428b-8695-bfa42cd9c9a4,,
a3d876be-8134-4e83-b484-ecffe0293b0d.live_data_internal.json,,,48.0,,,,a3d876be-8134-4e83-b484-ecffe0293b0d.sensing_status.json,4,,,,,,47,,,,,,600896,,,,2022-06-12 14:26:52.238,1001,,,,92.0,30001,,,108.0,2022-06-12 14:38:24.022,2022-06-12 14:38:24.022,,1.237039,67.898605,73.0,680,416.39,,48.0,109.0,,,UTC+0200,SumqgnI0Fz,,,a3d876be-8134-4e83-b484-ecffe0293b0d.com.samsung.health.exercise.live_data.json,,0.6929486,com.sec.android.app.shealth,,,,2022-06-12 14:36:53.134,a3d876be-8134-4e83-b484-ecffe0293b0d,,
76fee202-da9f-40c8-a462-3a9373cb74f0.live_data_internal.json,,,157.0,,,,76fee202-da9f-40c8-a462-3a9373cb74f0.sensing_status.json,4,,,,,,175,,,,,,1882219,,,,2022-06-17 21:19:10.952,1001,,,,117.0,30001,,,128.0,2022-06-17 21:52:03.674,2022-06-17 21:52:03.674,,1.3374921,94.38859,92.0,2961,1860.65,,157.0,123.0,,,UTC+0200,SumqgnI0Fz,,,76fee202-da9f-40c8-a462-3a9373cb74f0.com.samsung.health.exercise.live_data.json,,0.98854065,com.sec.android.app.shealth,,,,2022-06-17 21:50:33.171,76fee202-da9f-40c8-a462-3a9373cb74f0,,
4e07f849-fca0-47cd-ba70-c075cf06d467.live_data_internal.json,,,1063.5804,,,,4e07f849-fca0-47cd-ba70-c075cf06d467.sensing_status.json,1,,,,,1,613,,,,,,6112379,,,,2022-06-10 14:56:10.884,0,,,,144.0,,,,193.0,2022-06-10 16:38:11.619,2022-06-10 16:38:03.839,,,,69.0,,,,1063.5804,,,,UTC+0200,SumqgnI0Fz,,,4e07f849-fca0-47cd-ba70-c075cf06d467.com.samsung.health.exercise.live_data.json,,,com.sec.android.app.shealth,,,,2022-06-10 16:38:03.263,4e07f849-fca0-47cd-ba70-c075cf06d467,,
0b4dc281-876e-4214-9899-1a4fd827f9fb.live_data_internal.json,,,1111.8702,,,,0b4dc281-876e-4214-9899-1a4fd827f9fb.sensing_status.json,1,,,,,1,680,,,,,,6773031,,,,2022-06-08 14:46:26.261,0,,,,138.0,,,,185.0,2022-06-08 16:39:25.931,2022-06-08 16:39:20.034,,,,98.0,,,,1111.8702,,,,UTC+0200,SumqgnI0Fz,,,0b4dc281-876e-4214-9899-1a4fd827f9fb.com.samsung.health.exercise.live_data.json,,,com.sec.android.app.shealth,,,,2022-06-08 16:39:19.292,0b4dc281-876e-4214-9899-1a4fd827f9fb,,
66ef1250-ccce-46e3-b0ed-fdfccf829faa.live_data_internal.json,,,72.0,,,,66ef1250-ccce-46e3-b0ed-fdfccf829faa.sensing_status.json,4,,,,,,115,,,,,,1267287,,,,2022-05-30 10:33:48.416,1001,,,,104.0,30001,,,133.0,2022-05-30 10:56:26.263,2022-05-30 10:56:26.263,,1.2243594,80.25017,83.0,1695,761.2,,72.0,118.0,,,UTC+0200,SumqgnI0Fz,,,66ef1250-ccce-46e3-b0ed-fdfccf829faa.com.samsung.health.exercise.live_data.json,,0.60065323,com.sec.android.app.shealth,,,,2022-05-30 10:54:55.703,66ef1250-ccce-46e3-b0ed-fdfccf829faa,,
96100d23-137b-4c34-85ee-23fca5c0b763.live_data_internal.json,,,60.37,,,,96100d23-137b-4c34-85ee-23fca5c0b763.sensing_status.json,4,,,,,,15,,,,,,704413,,,,2022-06-17 11:20:04.618,0,,,,115.0,,,,132.0,2022-06-17 11:31:49.066,2022-06-17 11:31:49.066,,,,85.0,,,,60.37,,,,UTC+0200,SumqgnI0Fz,,,96100d23-137b-4c34-85ee-23fca5c0b763.com.samsung.health.exercise.live_data.json,,,com.sec.android.app.shealth,,,,2022-06-17 11:31:48.837,96100d23-137b-4c34-85ee-23fca5c0b763,,
2c3d2dbc-501f-4abb-83f8-b9d54497731a.live_data_internal.json,,,71.0,,,,2c3d2dbc-501f-4abb-83f8-b9d54497731a.sensing_status.json,4,,,,,,75,,,,,,876871,,,,2022-06-17 11:34:09.556,1001,,,,118.0,30001,,,129.0,2022-06-17 11:50:16.821,2022-06-17 11:50:16.821,,1.4722222,108.932785,96.0,1592,938.66,,71.0,120.0,,,UTC+0200,SumqgnI0Fz,,,2c3d2dbc-501f-4abb-83f8-b9d54497731a.com.samsung.health.exercise.live_data.json,,1.0704653,com.sec.android.app.shealth,,,,2022-06-17 11:48:46.427,2c3d2dbc-501f-4abb-83f8-b9d54497731a,,
a1ade40a-92da-409d-8b73-acf446a2c173.live_data_internal.json,,,84.0,,,,a1ade40a-92da-409d-8b73-acf446a2c173.sensing_status.json,4,,,,,,95,,,,,,1091459,,,,2022-06-24 07:47:54.527,1001,,,,95.0,30001,,,108.0,2022-06-24 08:07:35.709,2022-06-24 08:07:35.709,,1.2566875,92.29848,71.0,1679,954.8,,84.0,119.0,,,UTC+0200,SumqgnI0Fz,,,a1ade40a-92da-409d-8b73-acf446a2c173.com.samsung.health.exercise.live_data.json,,0.87479234,com.sec.android.app.shealth,,,,2022-06-24 08:06:05.986,a1ade40a-92da-409d-8b73-acf446a2c173,,
1843e511-2a1e-4d25-8de8-482aefafb11d.live_data_internal.json,,,92.0,,,,1843e511-2a1e-4d25-8de8-482aefafb11d.sensing_status.json,4,,,,,,91,,,,,,1051082,,,,2022-06-17 08:50:57.515,1001,,,,106.0,30001,,,122.0,2022-06-17 09:09:59.274,2022-06-17 09:09:59.274,,1.2240001,102.80834,88.0,1801,1125.73,,92.0,117.0,,,UTC+0200,SumqgnI0Fz,,,1843e511-2a1e-4d25-8de8-482aefafb11d.com.samsung.health.exercise.live_data.json,,1.0710201,com.sec.android.app.shealth,,,,2022-06-17 09:08:28.597,1843e511-2a1e-4d25-8de8-482aefafb11d,,
386f17ff-60d4-4844-8fde-d6f8ba07dd68.live_data_internal.json,,,178.0,,,,386f17ff-60d4-4844-8fde-d6f8ba07dd68.sensing_status.json,4,,,,,,196,,,,,,2173423,,,,2022-06-03 23:40:46.168,1001,,,,110.0,30001,,,121.0,2022-06-04 00:18:30.243,2022-06-04 00:18:30.243,,1.7207633,83.81249,99.0,3036,1828.16,,178.0,111.0,,,UTC+0200,SumqgnI0Fz,,,386f17ff-60d4-4844-8fde-d6f8ba07dd68.com.samsung.health.exercise.live_data.json,,0.8411432,com.sec.android.app.shealth,,,,2022-06-04 00:16:59.591,386f17ff-60d4-4844-8fde-d6f8ba07dd68,,
d740fe82-fd5d-4e0a-a3cf-66755cb998e5.live_data_internal.json,,,853.1406,,,,d740fe82-fd5d-4e0a-a3cf-66755cb998e5.sensing_status.json,1,,,,,1,488,,,,,,4876263,,,,2022-06-22 15:39:42.593,0,,,,145.0,,,,192.0,2022-06-22 17:01:05.107,2022-06-22 17:00:59.395,,,,102.0,,,,853.1406,,,,UTC+0200,SumqgnI0Fz,,,d740fe82-fd5d-4e0a-a3cf-66755cb998e5.com.samsung.health.exercise.live_data.json,,,com.sec.android.app.shealth,,,,2022-06-22 17:00:58.856,d740fe82-fd5d-4e0a-a3cf-66755cb998e5,,
12d3b114-13aa-41e6-86ad-f50cde5e0ec0.live_data_internal.json,,,51.0,,,,12d3b114-13aa-41e6-86ad-f50cde5e0ec0.sensing_status.json,4,,,,,,52,,,,,,641820,,,,2022-06-10 17:02:51.477,1001,,,,118.0,30001,,,130.0,2022-06-10 17:15:04.872,2022-06-10 17:15:04.872,,1.1944444,100.40198,100.0,1074,649.39,,51.0,114.0,,,UTC+0200,SumqgnI0Fz,,,12d3b114-13aa-41e6-86ad-f50cde5e0ec0.com.samsung.health.exercise.live_data.json,,1.0117946,com.sec.android.app.shealth,,,,2022-06-10 17:13:33.297,12d3b114-13aa-41e6-86ad-f50cde5e0ec0,,
dfe3c054-bc20-4802-add7-5520e90c4256.live_data_internal.json,,,70.0,,,,dfe3c054-bc20-4802-add7-5520e90c4256.sensing_status.json,4,,,,,,77,,,,,,916135,,,,2022-06-22 17:17:26.360,1001,,,,118.0,30001,,,128.0,2022-06-22 17:34:12.657,2022-06-22 17:34:12.657,,1.1666666,101.38244,100.0,1548,883.82,,70.0,112.0,,,UTC+0200,SumqgnI0Fz,,,dfe3c054-bc20-4802-add7-5520e90c4256.com.samsung.health.exercise.live_data.json,,0.9647268,com.sec.android.app.shealth,,,,2022-06-22 17:32:42.495,dfe3c054-bc20-4802-add7-5520e90c4256,,
f7ab6c67-12ea-404d-8a28-90ffd809f6d4.live_data_internal.json,,,121.0,,,,f7ab6c67-12ea-404d-8a28-90ffd809f6d4.sensing_status.json,4,,,,,,168,,,,,,1812951,,,,2022-06-17 23:04:51.053,1001,,,,130.0,30001,,,147.0,2022-06-17 23:36:34.348,2022-06-17 23:36:34.348,,1.1485143,95.28111,107.0,2879,1430.9,,121.0,111.0,,,UTC+0200,SumqgnI0Fz,,,f7ab6c67-12ea-404d-8a28-90ffd809f6d4.com.samsung.health.exercise.live_data.json,,0.7892657,com.sec.android.app.shealth,,,,2022-06-17 23:35:04.004,f7ab6c67-12ea-404d-8a28-90ffd809f6d4,,
02f9598e-e4bc-4cda-b55d-85a9c5008134.live_data_internal.json,,,56.0,,,,02f9598e-e4bc-4cda-b55d-85a9c5008134.sensing_status.json,4,,,,,,65,,,,,,783635,,,,2022-06-09 08:34:24.983,1001,,,,99.0,30001,,,108.0,2022-06-09 08:48:59.110,2022-06-09 08:48:59.110,,1.9722222,103.05819,82.0,1346,720.39,,56.0,114.0,,,UTC+0200,SumqgnI0Fz,,,02f9598e-e4bc-4cda-b55d-85a9c5008134.com.samsung.health.exercise.live_data.json,,0.9192928,com.sec.android.app.shealth,,,,2022-06-09 08:47:28.618,02f9598e-e4bc-4cda-b55d-85a9c5008134,,
976e4837-51f7-4bb6-9e38-3a836e15ac22.live_data_internal.json,,,117.0,,,,976e4837-51f7-4bb6-9e38-3a836e15ac22.sensing_status.json,4,,,,,,41,,,,,,535460,,,,2022-06-17 09:14:48.557,1002,,,,114.0,30001,,,133.0,2022-06-17 09:25:15.359,2022-06-17 09:25:15.359,,3.0555556,136.03256,91.0,1214,1135.19,,117.0,178.0,,,UTC+0200,SumqgnI0Fz,,,976e4837-51f7-4bb6-9e38-3a836e15ac22.com.samsung.health.exercise.live_data.json,,2.1200275,com.sec.android.app.shealth,,,,2022-06-17 09:23:44.017,976e4837-51f7-4bb6-9e38-3a836e15ac22,,
0287d0b2-5a0e-4309-951c-25e5e2458979.live_data_internal.json,,,51.0,,,,0287d0b2-5a0e-4309-951c-25e5e2458979.sensing_status.json,4,,,,,,77,,,,,,917571,,,,2022-06-24 08:44:01.083,1001,,,,95.0,30001,,,112.0,2022-06-24 09:00:49.570,2022-06-24 09:00:49.570,,1.2086666,106.19342,71.0,1624,651.16,,51.0,115.0,,,UTC+0200,SumqgnI0Fz,,,0287d0b2-5a0e-4309-951c-25e5e2458979.com.samsung.health.exercise.live_data.json,,0.70965624,com.sec.android.app.shealth,,,,2022-06-24 08:59:18.654,0287d0b2-5a0e-4309-951c-25e5e2458979,,
2374f0f1-d75b-4450-8469-4aa82fa8db94.live_data_internal.json,,,59.0,,,,2374f0f1-d75b-4450-8469-4aa82fa8db94.sensing_status.json,4,,,,,,48,,,,,,600952,,,,2022-06-11 18:59:28.866,1001,,,,115.0,30001,,,131.0,2022-06-11 19:11:01.334,2022-06-11 19:11:01.334,,1.4462473,81.870094,92.0,820,523.27,,59.0,131.0,,,UTC+0200,SumqgnI0Fz,,,2374f0f1-d75b-4450-8469-4aa82fa8db94.com.samsung.health.exercise.live_data.json,,0.8707351,com.sec.android.app.shealth,,,,2022-06-11 19:09:29.818,2374f0f1-d75b-4450-8469-4aa82fa8db94,,
d3776716-62ee-46bb-b64d-c33286f60d82.live_data_internal.json,,,297.0,,,,d3776716-62ee-46bb-b64d-c33286f60d82.sensing_status.json,4,,,,,,354,,,,,,3664080,,,,2022-06-17 23:36:50.936,1001,,,,122.0,30001,,,135.0,2022-06-18 00:39:25.883,2022-06-18 00:39:25.883,,1.3055556,90.57117,97.0,5531,3368.28,,297.0,113.0,,,UTC+0200,SumqgnI0Fz,,,d3776716-62ee-46bb-b64d-c33286f60d82.com.samsung.health.exercise.live_data.json,,0.91927034,com.sec.android.app.shealth,,,,2022-06-18 00:37:55.016,d3776716-62ee-46bb-b64d-c33286f60d82,,
92bc777f-9a4b-437c-82f0-facbee5a5cb5.live_data_internal.json,,,940.8504,,,,92bc777f-9a4b-437c-82f0-facbee5a5cb5.sensing_status.json,1,,,,,1,615,,,,,,6124265,,,,2022-06-17 09:25:39.023,0,,,,132.0,,,,172.0,2022-06-17 11:07:50.639,2022-06-17 11:07:43.971,,,,99.0,,,,940.8504,,,,UTC+0200,SumqgnI0Fz,,,92bc777f-9a4b-437c-82f0-facbee5a5cb5.com.samsung.health.exercise.live_data.json,,,com.sec.android.app.shealth,,,,2022-06-17 11:07:43.288,92bc777f-9a4b-437c-82f0-facbee5a5cb5,,
0622505e-6472-434b-85be-34b48cbe028a.live_data_internal.json,,,97.44585,,,,0622505e-6472-434b-85be-34b48cbe028a.sensing_status.json,4,,,,,,100,,,,,,1137600,,,,2022-06-22 15:20:24.077,1001,,,,109.0,30001,,,124.0,2022-06-22 15:39:43.241,2022-06-22 15:39:43.241,,1.4444444,88.66034,89.0,1681,1030.55,,97.0,121.0,,,UTC+0200,SumqgnI0Fz,,,0622505e-6472-434b-85be-34b48cbe028a.com.samsung.health.exercise.live_data.json,,0.90589845,com.sec.android.app.shealth,,,,2022-06-22 15:39:42.666,0622505e-6472-434b-85be-34b48cbe028a,,
