com.samsung.health.food_info,6212007,6
potassium,vitamin_a,vitamin_c,vitamin_d,cholesterol,description,custom,provider_food_id,metric_serving_amount,sodium,dietary_fiber,total_fat,update_time,create_time,monosaturated_fat,protein,polysaturated_fat,iron,name,sugar,added_sugar,calcium,calorie,serving_description,info_provider,deviceuuid,metric_serving_unit,saturated_fat,trans_fat,pkg_name,carbohydrate,unit_count_per_calorie,datauuid,default_number_of_serving_unit
100.0,0.0,0.0,0.0,0.0,"266 kcal, per 100g",,default-fatsecret-38820,100,681.0,2.4,3.29,2022-04-05 09:11:15.548,2022-04-05 09:11:15.548,0.681,7.64,1.355,21.0,Pane Bianco,4.31,0.0,15.0,266.0,g,,3JD7PDJoKB,g,0.717,,com.sec.android.app.shealth,50.61,0.375,b0e196e9-7676-4520-aad3-b194644d3a1d,100,
292.0,20.0,26.0,0.0,0.0,"18 kcal, per 100g",,default-fatsecret-6138,123,6.0,1.5,0.25,2022-04-05 09:11:15.548,2022-04-05 09:11:15.548,0.063,1.08,0.166,2.0,Pomodori,3.23,0.0,1.0,22.0,"intero medio (6,5 cm di diametro)",,3JD7PDJoKB,g,0.057,,com.sec.android.app.shealth,4.82,5.6875,d40af547-1224-44f4-8bb4-62b6ec58e416,1,
68.0,0.0,0.0,0.0,0.0,"2 kcal, per 100g",,default-fatsecret-7554,59,8.0,0.0,0.11,2022-04-05 09:11:15.549,2022-04-05 09:11:15.549,0.0,0.07,0.054,0.0,Caffè Espresso,0.0,0.0,0.0,1.0,tazzina di caffè espresso (60 ml),,3JD7PDJoKB,g,0.054,,com.sec.android.app.shealth,0.0,29.6,64dd8b9e-3e9a-4fb2-a06d-b74629c46972,1,
0.0,0.0,0.0,0.0,0.0,"884 kcal, per 100g",,default-fatsecret-283520,14,0.0,0.0,13.5,2022-04-05 09:11:15.549,2022-04-05 09:11:15.549,9.85,0.0,1.421,0.0,Olio Extra Vergine di Oliva,0.0,0.0,0.0,119.0,cucchiaio da tavolo,,3JD7PDJoKB,g,1.864,,com.sec.android.app.shealth,0.0,0.11314824,87955f8b-b35c-4a19-b9a2-2ccd4c6ebe88,1,
233.0,2.0,0.0,0.0,12.0,"56 kcal, per 181g",,default-fatsecret-7350,240,50.0,0.2,3.98,2022-04-01 13:57:43.928,2022-04-01 13:57:43.928,1.007,4.08,0.241,1.0,Cappuccino,6.41,0.0,14.0,74.0,tazza grande (240 ml),,3JD7PDJoKB,g,2.273,,com.sec.android.app.shealth,5.81,3.3333333,ab04d9b2-fe12-47b5-91cd-73b9f70ad753,1,
422.0,2.0,17.0,0.0,0.0,"89 kcal, per 100g",,default-fatsecret-5388,118,1.0,3.1,0.39,2022-04-01 13:57:43.927,2022-04-01 13:57:43.927,0.038,1.29,0.086,2.0,Banana,14.43,0.0,1.0,105.0,media (18 cm - 20 cm di lunghezza),,3JD7PDJoKB,g,0.132,,com.sec.android.app.shealth,26.95,1.1222222,a51807e1-57fe-4a85-9aaa-a24f9875a6a1,1,
,0.0,0.0,0.0,,"497 kcal, per 100g",,fatsecret-3884543,100,250.0,6.0,25.0,2022-04-06 07:21:15.757,2022-04-05 09:36:30.768,,8.0,,0.0,Extra Cioccolato Belga e Nocciole(Kellogg's),21.0,,0.0,497.0,porzione,,3JD7PDJoKB,g,12.0,,com.sec.android.app.shealth,57.0,0.20120725,33370599-5338-404b-a99b-76b6025417ec,1,
160.0,56.0,14.0,0.0,0.0,"17 kcal, per 100g",,default-fatsecret-6254,55,16.0,1.1,0.13,2022-04-05 09:11:15.548,2022-04-05 09:11:15.548,0.004,0.84,0.063,4.0,Insalata Mista Verde,0.48,0.0,3.0,9.0,"tazza, tagliuzzata o a pezzi",,3JD7PDJoKB,g,0.021,,com.sec.android.app.shealth,1.76,6.111111,20be61c5-18cc-4ab1-9ebb-86aeb5abd654,1,
119.0,1.6666666,1.0,0.0,13.0,"1751 kcal, per 778g",,fatsecret-7010911,100,326.0,1.9,6.81,2022-04-05 13:06:23.108,2022-04-05 13:06:23.108,3.006,9.47,0.63,11.777777,Pasta Cacio e Pepe,1.14,,12.076923,225.0,g,,3JD7PDJoKB,g,2.712,,com.sec.android.app.shealth,31.29,0.44444445,aecd7ea4-01e3-4eda-9889-40e825bca5af,100,
0.0,0.0,0.0,0.0,0.0,"0 kcal, per 100g",,default-fatsecret-37922,237,5.0,0.0,0.0,2022-04-05 09:11:15.549,2022-04-05 09:11:15.549,0.0,0.0,0.0,0.0,Acqua,0.0,0.0,0.0,0.0,tazza (240 ml),,3JD7PDJoKB,g,0.0,,com.sec.android.app.shealth,0.0,,818f3ddd-2385-4999-9f2c-222d9fcdcdf1,1,
9.0,1.1111112,0.0,0.0,10.0,"387 kcal, per 100g",,fatsecret-4377844,10,120.0,0.0,2.69,2022-04-06 10:39:15.733,2022-04-06 10:39:15.733,0.784,3.18,0.059,0.44444445,Pecorino,0.07,,8.153846,39.0,porzione (10 g),,3JD7PDJoKB,g,1.712,,com.sec.android.app.shealth,0.36,0.25839794,58d1ebf2-8db7-4dba-ad57-7f966bf126d1,1,
0.0,0.0,0.0,0.0,0.0,"884 kcal, per 100g",,default-fatsecret-283520,14,0.0,0.0,13.5,2022-04-01 13:57:43.928,2022-04-01 13:57:43.928,9.85,0.0,1.421,0.0,Olio Extra Vergine di Oliva,0.0,0.0,0.0,119.0,cucchiaio da tavolo,,3JD7PDJoKB,g,1.864,,com.sec.android.app.shealth,0.0,0.11314824,42ebab5a-8128-4462-90ff-93d5cf663b92,1,
96.0,0.0,0.0,0.0,0.0,"43 kcal, per 100g",,fatsecret-37716,356,14.0,0.0,0.0,2022-04-06 20:52:40.581,2022-04-06 20:52:40.581,0.0,1.64,0.0,0.3888889,Birra Normale,0.0,,1.0769231,153.0,lattina,,3JD7PDJoKB,g,0.0,,com.sec.android.app.shealth,12.64,2.3267975,8f94e437-3d00-43fe-ba76-d388082ef7a4,1,
,0.0,0.0,0.0,,"40 kcal, per 100g",,fatsecret-23036609,100,0.0,0.0,0.1,2022-04-06 07:21:15.746,2022-04-05 09:36:30.769,,4.0,,0.0,Yogurt Magro Bianco(Colle Maggio),5.1,,0.0,40.0,porzione,,3JD7PDJoKB,g,0.07,,com.sec.android.app.shealth,5.1,2.5,6f434493-c358-46a8-b3d2-d776c8f0cf61,1,
148.0,0.44444445,7.0,0.0,0.0,"52 kcal, per 100g",,fatsecret-5367,138,1.0,3.3,0.23,2022-04-11 18:49:04.590,2022-04-08 06:03:33.803,0.01,0.36,0.07,0.9444444,Mela,14.34,,0.61538464,72.0,media (7 cm di diametro) (circa 3 in 450 g),,3JD7PDJoKB,g,0.039,,com.sec.android.app.shealth,19.06,1.9272727,231fd50f-c92c-4ff5-95d3-59e0563e7e7c,1,
84.0,4.888889,0.0,0.0,15.0,"103 kcal, per 100g",,fatsecret-33692,100,405.0,0.0,4.51,2022-04-05 13:06:23.109,2022-04-05 13:06:23.109,1.285,12.49,0.139,0.7777778,Formaggio Fresco Morbido,0.29,,4.6153846,103.0,g,,3JD7PDJoKB,g,2.853,,com.sec.android.app.shealth,2.68,0.9741379,f7d375f5-5782-4f2a-92da-0db836031bc3,100,
,0.0,0.0,0.0,,"198 kcal, per 100g",,fatsecret-4616627,100,0.0,0.0,14.0,2022-04-09 10:23:36.757,2022-04-09 10:23:36.757,,17.0,,0.0,Alette di Pollo Piccanti(Del Campo),0.5,,0.0,198.0,porzione,,3JD7PDJoKB,g,3.6,,com.sec.android.app.shealth,1.0,0.5050505,2bd06491-645b-41ea-8dde-9d0080c3a397,1,
305.0,0.0,0.0,0.0,82.0,"254 kcal, per 101g",,fatsecret-1358,100,373.0,0.0,15.01,2022-04-06 10:39:15.733,2022-04-06 10:39:15.733,6.28,27.29,0.559,10.555555,Bistecca di Manzo,0.0,,1.2307693,252.0,g,,3JD7PDJoKB,g,5.877,,com.sec.android.app.shealth,0.0,0.39655173,570b9ff9-9793-4697-a146-91c838600ab7,100,
209.0,3.8888888,18.11111,0.0,0.0,"31 kcal, per 100g",,fatsecret-6229,100,6.0,3.4,0.12,2022-04-09 13:09:06.054,2022-04-09 13:09:06.054,0.005,1.82,0.059,5.7777777,Fagiolini Verdi,1.4,,2.8461537,31.0,g,,3JD7PDJoKB,g,0.026,,com.sec.android.app.shealth,7.13,3.235294,dec97db9-4bfd-4d16-93ca-7bda7b891ebd,100,
80.0,7.2222223,0.33333334,0.0,52.0,"3865 kcal, per 1375g",,fatsecret-5106139,90,158.0,0.7,7.3,2022-04-07 08:15:28.145,2022-04-07 08:15:28.145,1.972,3.47,0.421,2.5555556,Babà al Rum,30.75,,2.8461537,253.0,babà,,3JD7PDJoKB,g,4.236,,com.sec.android.app.shealth,41.63,0.354375,00bfbc0f-df09-4c48-8489-680b04fc2343,1,
211.0,17.444445,211.11111,0.0,0.0,"26 kcal, per 100g",,fatsecret-285829,100,2.0,2.0,0.3,2022-04-11 05:59:02.938,2022-04-10 07:56:05.722,0.007,0.99,0.156,2.3888888,Peperoni,4.2,,0.53846157,26.0,g,,3JD7PDJoKB,g,0.059,,com.sec.android.app.shealth,6.03,3.8947368,46fde568-b239-4978-9dcc-31d5b3b80291,100,
,0.0,0.0,0.0,,"63 kcal, per 100g",,fatsecret-38133879,100,0.0,,3.3,2022-04-13 07:11:02.454,2022-04-08 06:35:54.650,,4.2,,0.0,Yogurt Bianco Cremoso(Buongiorno Natura),4.1,,0.0,63.0,porzione,,3JD7PDJoKB,g,2.2,,com.sec.android.app.shealth,4.1,1.5873016,df129ce4-1197-4c60-8a5c-dac3170fc367,1,
362.0,7.4444447,22.444447,0.0,3.0,"514 kcal, per 739g",,fatsecret-6000121,150,381.0,2.4,4.25,2022-04-10 12:32:40.808,2022-04-10 12:32:40.808,2.53,3.77,0.816,8.222222,Pomodori Gratinati,3.96,,3.9230769,104.0,pomodoro,,3JD7PDJoKB,g,0.694,,com.sec.android.app.shealth,13.9,1.4423077,6daf01cd-cfe4-4d6d-b760-e00276dbfdea,1,
,0.0,0.0,0.0,,"241 kcal, per 1 bottiglia (330ml)",,fatsecret-14429426,330,,,0.0,2022-04-09 10:23:36.757,2022-04-09 10:23:36.757,,0.0,,0.0,La Rossa(Moretti),,,0.0,241.0,porzione,,3JD7PDJoKB,ml,,,com.sec.android.app.shealth,30.0,,2aecda6b-5f43-4ab0-a661-a9703ff1d62f,1,
,0.0,0.0,0.0,,"359 kcal, per 100g",,fatsecret-1386299,100,5.0,3.0,2.0,2022-04-11 19:00:20.122,2022-04-11 19:00:20.122,,12.5,,0.0,Mezze Maniche Rigate(Barilla),3.5,,0.0,359.0,porzione,,3JD7PDJoKB,g,0.5,,com.sec.android.app.shealth,71.2,0.27855152,5116b3be-1d03-42c5-93b4-70a4490b2885,1,
68.0,0.0,0.0,0.0,0.0,"2 kcal, per 100g",,default-fatsecret-7554,59,8.0,0.0,0.11,2022-04-01 13:57:43.928,2022-04-01 13:57:43.928,0.0,0.07,0.054,0.0,Caffè Espresso,0.0,0.0,0.0,1.0,tazzina di caffè espresso (60 ml),,3JD7PDJoKB,g,0.054,,com.sec.android.app.shealth,0.0,29.6,33b1ed86-7b4c-474e-8f29-96cb0af38e9a,1,
,0.0,0.0,0.0,,"255 kcal, per 100g",,fatsecret-9981990,100,13.0,2.4,1.18,2022-04-14 08:35:15.007,2022-04-09 13:09:06.054,,8.1,,0.0,Pane di Terni(Interpan),1.75,,0.0,255.0,porzione,,3JD7PDJoKB,g,0.24,,com.sec.android.app.shealth,51.67,0.39215687,b56636ef-2c6a-4ba3-b6d4-0200eef3565b,1,
348.0,0.0,0.0,0.0,79.0,"110 kcal, per 100g",,fatsecret-38560,100,80.0,0.0,2.59,2022-04-14 08:35:15.001,2022-04-13 07:13:12.321,0.83,20.2,0.27,4.4444447,Fettina di Vitello,,,0.84615386,110.0,g,,3JD7PDJoKB,g,0.78,,com.sec.android.app.shealth,0.0,0.91451615,53b3e0f7-81cf-4370-86f8-0162af37f35d,100,
95.0,0.44444445,1.2222222,0.0,4.0,"274 kcal, per 100g",,fatsecret-4182,64,172.0,1.4,7.17,2022-04-10 07:56:05.722,2022-04-10 07:56:05.722,2.091,2.11,3.402,1.5000001,Strudel di Mele,16.48,,0.7692308,175.0,"fetta (quadrato di circa 5 cm - 6,5 cm )",,3JD7PDJoKB,g,1.308,,com.sec.android.app.shealth,26.3,0.36571428,460fbc53-80db-4b97-a829-3ccc6e8a8cab,1,
18.0,0.0,0.11111111,0.0,0.0,"654 kcal, per 100g",,fatsecret-3379,4,0.0,0.3,2.61,2022-04-05 10:51:35.348,2022-04-05 10:51:35.348,0.357,0.61,1.887,0.6666667,Noci,0.1,,0.30769232,26.0,noce,,3JD7PDJoKB,g,0.245,,com.sec.android.app.shealth,0.55,0.1529052,e2c1077f-1cdf-4db6-9a4e-12919c36c371,1,
88.0,12.333333,0.11111111,0.0,36.0,"419 kcal, per 100g",,fatsecret-7466034,60,404.0,1.7,13.12,2022-04-14 08:33:50.540,2022-04-14 08:33:50.540,3.96,4.75,0.997,7.5555553,Cornetto alla Nutella,9.37,,2.0,251.0,cornetto,,3JD7PDJoKB,g,6.619,,com.sec.android.app.shealth,28.46,0.23904383,93607031-6556-4843-9f94-51587fe7c56d,1,
35.0,0.0,0.0,0.0,0.0,"206 kcal, per 160g",,fatsecret-4501,100,365.0,0.4,0.28,2022-04-11 05:59:02.959,2022-04-11 05:59:02.959,0.087,2.66,0.075,6.6111116,Riso Bianco,0.05,,0.7692308,129.0,g,,3JD7PDJoKB,g,0.076,,com.sec.android.app.shealth,27.9,0.7745098,7cafca4c-15c7-4a66-99d9-1ebdab9d8b63,100,
241.0,11.555555,13.666667,0.0,40.0,"3082 kcal, per 2102g",,fatsecret-2550217,133,320.0,1.6,10.46,2022-04-15 12:50:45.983,2022-04-15 12:50:45.983,4.407,6.44,2.535,8.722222,Frittata di Zucchine,2.1,,8.923077,195.0,pezzo,,3JD7PDJoKB,g,2.82,1.868,com.sec.android.app.shealth,19.43,0.6820513,7dd1afa3-0a46-4d42-9a93-cf081c9e5617,1,
243.0,3.1111112,0.0,0.0,83.0,"197 kcal, per 101g",,fatsecret-1641,100,393.0,0.0,7.72,2022-04-15 12:50:45.977,2022-04-05 20:55:26.617,3.005,29.55,1.646,5.8888884,Petto di Pollo,0.0,,1.0769231,195.0,g,,3JD7PDJoKB,g,2.172,,com.sec.android.app.shealth,0.0,0.5121951,74bc5197-e7e9-4b0e-8e27-bca46649a6df,100,
253.0,0.0,2.2222223,0.0,76.0,"346 kcal, per 100g",,fatsecret-35151,100,731.0,0.0,31.33,2022-04-11 19:00:20.122,2022-04-11 19:00:20.122,14.34,14.25,4.03,6.5555553,Salsiccia di Maiale,,,1.3846154,346.0,g,,3JD7PDJoKB,g,11.27,,com.sec.android.app.shealth,0.65,0.28900257,7ca22b78-0dc2-481d-be4b-fec7be9dcc7b,100,
,0.0,0.0,0.0,,"119 kcal, per 1 pezzo (21g)",,fatsecret-1202521,21,66.0,,7.4,2022-04-06 10:41:37.436,2022-04-06 10:41:37.436,,1.8,,0.0,Maxi(Kinder),11.2,,0.0,119.0,porzione,,3JD7PDJoKB,g,4.7,,com.sec.android.app.shealth,11.2,0.1764706,a8f0997f-8c4f-4f0c-ba83-73ec3fd60c4c,1,
110.0,0.0,0.0,0.0,0.0,"271 kcal, per 100g",,default-fatsecret-38793,100,584.0,2.7,3.5,2022-04-05 09:11:15.549,2022-04-05 09:11:15.549,0.812,8.8,1.39,16.0,Pane Italiano,0.83,0.0,8.0,271.0,g,,3JD7PDJoKB,g,0.855,,com.sec.android.app.shealth,50.0,0.36818182,5b4766b3-79fb-4a05-9ff0-1bd3de7f67d9,100,
379.0,0.0,14.444445,0.0,0.0,"87 kcal, per 100g",,fatsecret-7009857,100,4.0,1.8,0.1,2022-04-13 07:13:12.321,2022-04-13 07:13:12.321,0.002,1.87,0.044,1.7222222,Patata Bollita,0.87,,0.3846154,87.0,g,,3JD7PDJoKB,g,0.026,,com.sec.android.app.shealth,20.13,1.1458334,a575bbd7-ce77-4660-840b-925b6045fb1d,100,
297.0,1.7777778,0.5555556,0.0,85.0,"2075 kcal, per 1017g",,fatsecret-2418,108,447.0,0.4,13.08,2022-04-07 19:07:18.343,2022-04-07 19:07:18.343,5.677,17.45,0.473,12.611111,Polpettone,1.75,,4.3076925,220.0,fetta media,,3JD7PDJoKB,g,4.304,,com.sec.android.app.shealth,7.04,0.49142858,7b31831f-d12e-4454-b628-32e5bb79438e,1,
159.0,0.8888889,6.5555553,0.0,3.0,"1326 kcal, per 727g",,fatsecret-24297187,100,218.0,1.4,7.06,2022-04-14 08:35:15.009,2022-04-14 08:35:15.009,4.386,5.52,0.79,5.4444447,Pasta Amatriciana,2.03,,5.5384617,183.0,g,,3JD7PDJoKB,g,1.524,,com.sec.android.app.shealth,23.08,0.5479452,7c55a928-e573-480e-be39-8ef15f0c6ffd,100,
143.0,2.0,7.0,0.0,0.0,"1716 kcal, per 2068g",,default-fatsecret-5068,100,166.0,1.4,0.47,2022-04-01 13:57:43.928,2022-04-01 13:57:43.928,0.069,3.05,0.171,6.0,Pasta al Pomodoro,2.56,0.0,2.0,83.0,g,,3JD7PDJoKB,g,0.089,,com.sec.android.app.shealth,16.76,1.2038835,d3ac7924-17a8-4ee8-9a94-7a2ac3e1e7b2,100,
,0.0,0.0,0.0,,"20 kcal, per 1 caramella (5g)",,fatsecret-3188656,5,,,1.0,2022-04-08 10:47:00.250,2022-04-08 10:47:00.250,,0.0,,0.0,Caramella Mou(Elah-Dufour),4.0,,0.0,20.0,porzione,,3JD7PDJoKB,g,,,com.sec.android.app.shealth,4.0,0.25,98858539-395c-4218-b0a7-a76f0fc094d3,1,
,0.0,0.0,0.0,,"131 kcal, per 1 gelato (32g)",,fatsecret-27339149,32,60.0,,8.9,2022-04-15 19:53:56.062,2022-04-15 13:12:01.348,,2.0,,0.0,Bueno Ice Cream Bar(Kinder),9.8,,0.0,131.0,porzione,,3JD7PDJoKB,g,4.7,,com.sec.android.app.shealth,10.0,0.24427481,5d688850-cbec-4c70-b3e1-7a8ef5eb6909,1,
110.0,0.0,0.0,0.0,0.0,"271 kcal, per 100g",,default-fatsecret-38793,100,584.0,2.7,3.5,2022-04-01 13:57:43.928,2022-04-01 13:57:43.928,0.812,8.8,1.39,16.0,Pane Italiano,0.83,0.0,8.0,271.0,g,,3JD7PDJoKB,g,0.855,,com.sec.android.app.shealth,50.0,0.36818182,7beadc54-08aa-4d38-852b-c9b6c82a2af8,100,
161.0,1.1111112,0.5555556,5.0,8.0,"1930 kcal, per 918g",,fatsecret-6012847,100,278.0,1.3,4.92,2022-04-09 13:09:06.054,2022-04-09 13:09:06.054,2.427,15.05,1.21,10.777778,Pasta al Tonno,0.88,,1.3076923,210.0,g,,3JD7PDJoKB,g,0.831,,com.sec.android.app.shealth,25.42,0.47524753,86b24b65-a40a-436d-9863-8af1343c4266,100,
,0.0,0.0,0.0,,"61 kcal, per 100g",,fatsecret-5797381,100,,,0.1,2022-04-09 10:25:22.745,2022-04-05 09:36:30.770,,0.2,,0.0,Succo Mela Banana(Yoga),,,0.0,61.0,porzione,,3JD7PDJoKB,g,,,com.sec.android.app.shealth,14.4,1.6393442,45e8158a-9d57-479f-a723-841abf0cd535,1,
,0.0,0.0,0.0,,"15 kcal, per 1 biscotto (15g)",,fatsecret-1621679,15,,,0.8,2022-04-10 08:00:07.581,2022-04-10 07:56:05.721,,0.2,,0.0,Lingue di Gatto(Colussi),,,0.0,15.0,porzione,,3JD7PDJoKB,g,,,com.sec.android.app.shealth,1.7,1.0,73b5a190-0efc-4247-852c-35ef301ac2b1,1,
102.0,6.3333335,0.22222222,0.0,29.0,"1700 kcal, per 459g",,fatsecret-4908,100,690.0,1.7,13.09,2022-04-15 19:53:56.051,2022-04-05 20:55:26.616,4.702,15.05,0.91,16.61111,Pizza Bianca,0.96,,21.538462,370.0,g,,3JD7PDJoKB,g,6.666,,com.sec.android.app.shealth,46.84,0.27018633,5afbf8e8-9cb6-4844-a297-8632748f4738,100,
85.0,0.11111111,0.11111111,0.0,17.0,"248 kcal, per 100g",,fatsecret-1502,21,46.0,0.0,3.06,2022-04-10 12:32:40.808,2022-04-10 12:32:40.808,1.361,5.67,0.253,1.1666666,Arrosto di Maiale,0.0,,0.30769232,52.0,"fetta sottile (circa 11 cm x 6,5 cm x 0,3 cm)",,3JD7PDJoKB,g,1.123,,com.sec.android.app.shealth,0.0,0.40384614,85821a1a-64c2-4047-a8d9-4a5d728491cd,1,
432.0,11.333333,25.11111,0.0,0.0,"167 kcal, per 166g",,fatsecret-6670,165,406.0,8.7,4.04,2022-04-06 10:39:15.734,2022-04-06 10:39:15.734,1.772,8.55,1.244,13.666667,Piselli Cotti,9.45,,3.3076923,167.0,"tazza, freschi, surgelati o in scatola",,3JD7PDJoKB,g,0.754,,com.sec.android.app.shealth,25.01,0.98802394,6d25932d-9b6d-404e-b84f-dbd10da28c1b,1,
99.0,0.0,0.33333334,0.0,0.0,"333 kcal, per 100g",,fatsecret-38346,17,50.0,,3.03,2022-04-11 18:49:04.593,2022-04-11 18:49:04.593,1.729,2.26,0.707,3.2222223,Falafel,,,0.6923077,57.0,"fettina (circa 5,5 cm di diametro)",,3JD7PDJoKB,g,0.405,,com.sec.android.app.shealth,5.41,0.2982456,d3af660d-01e7-46ac-8304-ffbef9aaa791,1,
236.0,1.5555556,5.111111,0.0,0.0,"978 kcal, per 845g",,fatsecret-8442925,100,232.0,2.0,1.88,2022-04-13 07:10:15.430,2022-04-07 19:06:45.464,0.813,4.14,0.577,7.888889,Pasta al Sugo,2.75,,1.3076923,116.0,g,,3JD7PDJoKB,g,0.226,0.004,com.sec.android.app.shealth,21.04,0.8633093,bd7b9838-4e95-4ce9-8949-14a3c9e2f935,100,
,0.0,0.0,0.0,,"69 kcal, per 100g",,fatsecret-16066935,100,10.0,0.0,3.5,2022-04-12 07:14:07.869,2022-04-12 07:14:07.869,,4.0,,0.0,Yogurt Intero Bianco(Colle Maggio),4.8,,0.0,69.0,porzione,,3JD7PDJoKB,g,2.4,,com.sec.android.app.shealth,4.8,1.4492754,ddfbe850-ae68-4a67-af3a-f48a5ea89a9b,1,
,0.0,0.0,0.0,,"65 kcal, per 100g",,fatsecret-39589791,100,0.0,1.0,0.1,2022-04-08 09:06:09.866,2022-04-08 09:06:09.866,,0.2,,0.0,Nettare di Mela e Banana(Primia),15.1,,0.0,65.0,porzione,,3JD7PDJoKB,g,0.0,,com.sec.android.app.shealth,15.3,1.5384616,dd8d1d67-1535-4793-aa83-8a126ff4b3df,1,
255.0,3.1111112,3.2222223,0.0,116.0,"219 kcal, per 100g",,fatsecret-1803,100,219.0,0.0,12.95,2022-04-09 11:07:03.986,2022-04-09 11:07:03.986,5.439,23.8,2.722,32.72222,Colomba,0.0,,1.3076923,218.0,g,,3JD7PDJoKB,g,3.723,,com.sec.android.app.shealth,0.0,0.46153846,87e9771c-1090-433a-8682-07532803f02d,100,
531.0,0.11111111,10.555555,0.0,0.0,"160 kcal, per 174g",,fatsecret-5723,100,277.0,2.2,0.13,2022-04-14 14:30:00.353,2022-04-14 08:31:51.158,0.003,2.48,0.058,6.0000005,Patate al Forno,1.17,,1.1538461,92.0,g,,3JD7PDJoKB,g,0.035,,com.sec.android.app.shealth,21.0,1.0866141,2b876055-4ea0-4a5a-bb79-b45e71ea6222,100,
408.0,26.444445,2.0,40.0,100.0,"2168 kcal, per 788g",,fatsecret-7459433,240,678.0,3.6,30.88,2022-04-10 07:56:05.721,2022-04-10 07:56:05.721,11.388,22.57,2.967,23.888891,Pasta Panna e Salmone,2.51,,12.846154,660.0,tazza,,3JD7PDJoKB,g,14.511,,com.sec.android.app.shealth,72.59,0.36363637,2690c9a7-34b5-4855-8f95-d62d30fa3192,1,
112.0,0.0,0.0,0.0,0.0,"365 kcal, per 103g",,fatsecret-8438459,100,194.0,1.3,0.64,2022-04-15 19:53:56.041,2022-04-14 14:30:00.355,0.201,6.96,0.173,4.3333335,Riso,0.12,,2.0769231,356.0,g,,3JD7PDJoKB,g,0.176,,com.sec.android.app.shealth,78.0,0.28063944,d595c1ce-6f48-47a2-b792-7be5a6718553,100,
45.0,0.0,0.0,0.0,0.0,"158 kcal, per 101g",,fatsecret-292098,100,233.0,1.8,0.92,2022-04-10 12:32:40.808,2022-04-10 12:32:40.808,0.13,5.77,0.317,7.3333335,Fettuccine,0.56,,0.53846157,157.0,g,,3JD7PDJoKB,g,0.175,,com.sec.android.app.shealth,30.68,0.6363636,fac3b80b-a34c-4490-b253-560650423e78,100,
134.0,2.1111112,2.2222223,0.0,13.0,"2997 kcal, per 1162g",,fatsecret-5424166,90,430.0,1.4,8.3,2022-04-15 19:53:56.072,2022-04-15 19:53:56.072,3.756,8.54,0.876,11.777777,Pizzetta,1.3,,8.153846,232.0,pizzetta,,3JD7PDJoKB,g,3.111,0.022,com.sec.android.app.shealth,30.27,0.38793105,d4ed5b0a-3f72-4cda-a1bc-176d595f0169,1,
,0.0,0.0,0.0,,"40 kcal, per 100g",,fatsecret-9235013,100,100.0,,0.1,2022-04-11 06:01:03.613,2022-04-11 06:01:03.613,,4.0,,0.0,Yogurt Magro Bianco(Pam Panorama),5.1,,0.0,40.0,porzione,,3JD7PDJoKB,g,0.07,,com.sec.android.app.shealth,5.1,2.5,3f0fd6fa-104b-47db-a79b-742cdd4b4cb6,1,
41.0,0.8888889,0.7777778,0.0,3.0,"2882 kcal, per 1181g",,fatsecret-6120640,30,150.0,0.4,2.79,2022-04-11 19:00:20.123,2022-04-11 19:00:20.123,1.257,2.79,0.353,3.6666667,Pizzetta Sfoglia,0.44,,3.5384614,73.0,pizzetta,,3JD7PDJoKB,g,1.006,,com.sec.android.app.shealth,9.13,0.41095892,c1ad1a8e-fbbc-4ca2-aad6-f3de727fe894,1,
281.0,0.0,0.0,0.0,92.0,"267 kcal, per 100g",,fatsecret-1559,100,228.0,0.0,18.15,2022-04-14 14:30:00.343,2022-04-14 08:31:51.158,7.533,23.93,1.394,10.944445,Arrosto d'agnello,0.0,,1.2307693,266.0,g,,3JD7PDJoKB,g,7.633,,com.sec.android.app.shealth,0.0,0.3783784,ebd28148-bed9-4df0-92f2-4c945f587dcd,100,
59.0,0.5555556,0.0,0.0,16.0,"2221 kcal, per 761g",,fatsecret-2353707,57,152.0,1.0,6.33,2022-04-14 14:28:44.682,2022-04-14 14:28:44.682,3.983,3.93,1.194,9.222222,Focaccia,0.48,,0.61538464,166.0,fetta,,3JD7PDJoKB,g,0.794,,com.sec.android.app.shealth,23.16,0.3433735,0f3f9ddf-fa6a-4e77-a31b-f1eb4126debc,1,
70.0,10.555555,0.0,0.0,217.0,"153 kcal, per 100g",,fatsecret-33799,61,98.0,0.0,7.33,2022-04-15 19:53:56.072,2022-04-15 19:53:56.072,3.044,6.48,1.279,5.2222223,Frittata di Uova,0.4,,2.2307692,93.0,grande,,3JD7PDJoKB,g,2.053,,com.sec.android.app.shealth,0.42,0.65217394,d94a52ec-e789-4359-aaa5-121cf7890fff,1,
422.0,2.0,17.0,0.0,0.0,"89 kcal, per 100g",,default-fatsecret-5388,118,1.0,3.1,0.39,2022-04-05 20:53:38.385,2022-04-05 09:11:15.548,0.038,1.29,0.086,2.0,Banana,14.43,0.0,1.0,105.0,media (18 cm - 20 cm di lunghezza),,3JD7PDJoKB,g,0.132,,com.sec.android.app.shealth,26.95,1.1222222,73d0f8b5-65ee-4bd0-876b-d078498747b6,1,
233.0,2.0,0.0,0.0,12.0,"56 kcal, per 181g",,default-fatsecret-7350,240,50.0,0.2,3.98,2022-04-05 09:11:15.549,2022-04-05 09:11:15.549,1.007,4.08,0.241,1.0,Cappuccino,6.41,0.0,14.0,74.0,tazza grande (240 ml),,3JD7PDJoKB,g,2.273,,com.sec.android.app.shealth,5.81,3.3333333,b1410520-ded4-4447-9cc6-f087dc31c877,1,
160.0,56.0,14.0,0.0,0.0,"17 kcal, per 100g",,default-fatsecret-6254,55,16.0,1.1,0.13,2022-04-01 13:57:43.927,2022-04-01 13:57:43.927,0.004,0.84,0.063,4.0,Insalata Mista Verde,0.48,0.0,3.0,9.0,"tazza, tagliuzzata o a pezzi",,3JD7PDJoKB,g,0.021,,com.sec.android.app.shealth,1.76,6.111111,9bd174e8-3894-4225-ad8a-3d05527a0b44,1,
0.0,0.0,0.0,0.0,0.0,"0 kcal, per 100g",,default-fatsecret-37922,237,5.0,0.0,0.0,2022-04-01 13:57:43.928,2022-04-01 13:57:43.928,0.0,0.0,0.0,0.0,Acqua,0.0,0.0,0.0,0.0,tazza (240 ml),,3JD7PDJoKB,g,0.0,,com.sec.android.app.shealth,0.0,,d6871572-e5a5-4355-bf17-92540586d3f3,1,
,0.0,0.0,0.0,,"452 kcal, per 100g",,fatsecret-34688229,100,0.0,2.0,14.0,2022-04-05 10:51:35.349,2022-04-05 10:51:35.349,,8.4,,0.0,Frollini con Panna(I Tesori Del Forno),21.0,,0.0,452.0,porzione,,3JD7PDJoKB,g,4.1,,com.sec.android.app.shealth,72.0,0.22123894,e2ffd0a6-22d0-4f5e-a396-7d5c2540aee0,1,
,0.0,0.0,0.0,,"243 kcal, per 100g",,fatsecret-16324097,100,190.0,,14.0,2022-04-14 14:28:44.672,2022-04-05 20:55:26.618,,3.8,,0.0,Barattolino 5 Stelle Croccantino(Sammontana),24.0,,0.0,243.0,porzione,,3JD7PDJoKB,g,11.0,,com.sec.android.app.shealth,26.0,0.41152263,90ad06b0-b4eb-44da-96f8-fc89c8fc326b,1,
34.0,1.3333334,0.5555556,0.0,1.0,"1924 kcal, per 1345g",,fatsecret-5104,26,155.0,0.2,0.11,2022-04-06 20:51:47.749,2022-04-06 20:51:47.749,0.033,1.12,0.033,1.9444444,Sushi,1.63,,0.3846154,37.0,pezzo,,3JD7PDJoKB,g,0.023,,com.sec.android.app.shealth,7.77,0.7027027,f08905c8-b199-400e-972f-5ede36600969,1,
,0.0,0.0,0.0,,"248 kcal, per 100g",,fatsecret-46571249,100,1668.0,1.9,10.2,2022-04-08 12:43:32.732,2022-04-07 19:12:02.672,,12.9,,0.0,Pizza Speck e Provola(Cerealia),1.7,,0.0,248.0,porzione,,3JD7PDJoKB,g,6.6,,com.sec.android.app.shealth,25.1,0.4032258,ada39d25-9a44-4459-8aa9-76204e902c2c,1,
,0.0,0.0,0.0,,"220 kcal, per 1 tramezzino (70g)",,fatsecret-46611002,70,232.0,0.9,15.0,2022-04-08 12:42:32.346,2022-04-08 12:42:32.346,,5.3,,0.0,Tramezzini Farciti Prosciutto Cotto(Il Buongustaio),0.2,,0.0,220.0,porzione,,3JD7PDJoKB,g,1.0,,com.sec.android.app.shealth,18.0,0.3181818,1d9584cd-89ff-4d52-96f3-711763d2b22b,1,
138.0,23.333334,3.4444444,10.0,400.0,"212 kcal, per 100g",,fatsecret-39866,94,211.0,0.0,15.21,2022-04-11 19:00:55.407,2022-04-09 13:09:06.054,5.536,13.01,1.851,13.5,Uovo Strapazzato,1.43,,4.1538463,199.0,uova,,3JD7PDJoKB,g,5.784,,com.sec.android.app.shealth,1.96,0.4723618,f85766ad-cc99-47e5-b0df-ed91d1ce001f,2,
86.0,1.2222222,0.0,0.0,34.0,"216 kcal, per 101g",,fatsecret-1677,38,157.0,0.0,4.2,2022-04-11 05:59:02.929,2022-04-10 07:56:05.721,1.602,10.18,0.942,2.7777777,Coscia di Pollo,0.0,,0.3846154,81.0,"piccola (disossato, dopo essere stata cotta produce)",,3JD7PDJoKB,g,1.149,,com.sec.android.app.shealth,0.0,0.4691358,a2b2f019-268c-456b-bfdc-d82e77392f4f,1,
126.0,2.5555556,5.222222,0.0,0.0,"1350 kcal, per 880g",,fatsecret-5708300,70,274.0,1.4,3.04,2022-04-10 12:32:40.808,2022-04-10 12:32:40.808,1.886,3.03,0.481,5.7777777,Bruschetta al Pomodoro,0.83,,2.6923077,107.0,fetta,,3JD7PDJoKB,g,0.491,0.0,com.sec.android.app.shealth,17.03,0.6542056,18f455a7-dd1d-44d7-ab2a-1fa6a3c840f2,1,
206.0,4.5555553,4.0,0.0,15.0,"2988 kcal, per 1351g",,fatsecret-15141948,120,545.0,2.2,8.38,2022-04-11 18:49:04.593,2022-04-11 18:49:04.593,4.175,10.51,0.986,18.777779,Pizza Rustica,0.99,,10.461538,265.0,fetta,,3JD7PDJoKB,g,2.673,,com.sec.android.app.shealth,36.67,0.45233968,682ef5e1-d9be-4e04-b3fa-03320df162b2,1,
9.0,1.1111112,0.0,0.0,5.0,"475 kcal, per 100g",,fatsecret-4029,9,38.0,0.1,1.94,2022-04-14 08:33:50.531,2022-04-12 10:47:00.754,0.913,0.49,0.311,1.0555556,Biscotto al Burro o Allo Zucchero,2.4,,0.3846154,43.0,piccolo (5 cm di diametro),,3JD7PDJoKB,g,0.609,,com.sec.android.app.shealth,5.9,0.20930232,6c13b183-4824-4b7e-aa2f-990ae362ca8e,1,
425.0,15.0,0.5555556,0.0,20.0,"76 kcal, per 100g",,fatsecret-887,250,155.0,1.8,5.25,2022-04-14 08:33:50.540,2022-04-14 08:33:50.540,1.38,7.7,0.225,3.3333335,Latte al Cioccolato,24.02,,21.384615,190.0,tazza,,3JD7PDJoKB,g,3.27,,com.sec.android.app.shealth,28.88,1.3157895,966315bc-36f1-4b70-98f5-25828c0a333f,1,
,0.0,0.0,0.0,,"69 kcal, per 100g",,fatsecret-24818402,100,40.0,0.0,3.5,2022-04-15 09:35:39.523,2022-04-15 09:35:39.523,,4.0,,0.0,Yogurt Intero Bianco(Pam Panorama),4.8,,0.0,69.0,porzione,,3JD7PDJoKB,g,2.4,,com.sec.android.app.shealth,4.8,1.4492754,ca1ba696-0518-4644-b984-122a2996e389,1,
173.0,12.333333,7.4444447,0.0,35.0,"596 kcal, per 336g",,fatsecret-6642849,100,399.0,1.0,13.7,2022-04-15 19:53:56.072,2022-04-15 19:53:56.072,5.576,10.5,0.805,4.111111,Insalata Caprese,1.66,,18.538462,177.0,g,,3JD7PDJoKB,g,6.396,0.0,com.sec.android.app.shealth,3.51,0.5633803,b205ae7d-e5a1-4b7a-b711-16060181e464,100,
143.0,2.0,7.0,0.0,0.0,"1716 kcal, per 2068g",,default-fatsecret-5068,100,166.0,1.4,0.47,2022-04-05 09:11:15.549,2022-04-05 09:11:15.549,0.069,3.05,0.171,6.0,Pasta al Pomodoro,2.56,0.0,2.0,83.0,g,,3JD7PDJoKB,g,0.089,,com.sec.android.app.shealth,16.76,1.2038835,309cfc16-9dde-4879-a98e-7e0a51145274,100,
100.0,0.0,0.0,0.0,0.0,"266 kcal, per 100g",,default-fatsecret-38820,100,681.0,2.4,3.29,2022-04-01 13:57:43.927,2022-04-01 13:57:43.927,0.681,7.64,1.355,21.0,Pane Bianco,4.31,0.0,15.0,266.0,g,,3JD7PDJoKB,g,0.717,,com.sec.android.app.shealth,50.61,0.375,2955ee8d-e4b9-4ca4-b23b-d8f6aeb6c392,100,
292.0,20.0,26.0,0.0,0.0,"18 kcal, per 100g",,default-fatsecret-6138,123,6.0,1.5,0.25,2022-04-01 13:57:43.927,2022-04-01 13:57:43.927,0.063,1.08,0.166,2.0,Pomodori,3.23,0.0,1.0,22.0,"intero medio (6,5 cm di diametro)",,3JD7PDJoKB,g,0.057,,com.sec.android.app.shealth,4.82,5.6875,893c2050-5fb7-41ee-be60-ba276f239414,1,
422.0,0.44444445,11.444445,0.0,0.0,"89 kcal, per 100g",,fatsecret-5388,118,1.0,3.1,0.39,2022-04-15 18:11:18.813,2022-04-05 09:36:30.770,0.038,1.29,0.086,1.7222222,Banana,14.43,,0.46153846,105.0,media (18 cm - 20 cm di lunghezza),,3JD7PDJoKB,g,0.132,,com.sec.android.app.shealth,26.95,1.1222222,fdab0a03-dc62-45c8-a0aa-edef52ca63c0,1,
47.0,0.0,0.0,0.0,6.0,"195 kcal, per 100g",,fatsecret-1497,9,248.0,0.0,0.77,2022-04-11 18:49:04.575,2022-04-05 13:06:23.109,0.352,2.56,0.089,0.5555556,Prosciutto Crudo,0.0,,0.07692308,18.0,fetta sottile,,3JD7PDJoKB,g,0.256,,com.sec.android.app.shealth,0.03,0.51545453,7d530bef-e469-414b-b137-d2f1481d3729,1,
164.0,25.333334,3.4444444,0.0,0.0,"152 kcal, per 188g",,fatsecret-6394,100,249.0,4.3,2.13,2022-04-06 10:39:15.733,2022-04-06 10:39:15.733,0.947,2.78,0.652,4.4444447,Verdura Cotta,3.06,,1.8461539,81.0,g,,3JD7PDJoKB,g,0.403,,com.sec.android.app.shealth,12.74,1.2380953,ce7b1ab0-5591-4b59-a398-d1fa84ce3fa6,100,
55.0,0.0,0.0,0.0,0.0,"28 kcal, per 171g",,fatsecret-2479605,177,4.0,0.0,0.01,2022-04-13 07:11:02.470,2022-04-07 08:15:28.145,0.001,0.19,0.003,0.3888889,Caffè Zuccherato,6.47,,0.3846154,29.0,tazza di caffè (180 ml),,3JD7PDJoKB,g,0.003,,com.sec.android.app.shealth,7.12,6.1034484,bc7edd2f-bc04-4d54-9a7f-e7e72638610f,1,
,0.0,0.0,0.0,,"371 kcal, per 100g",,fatsecret-45089743,100,312.0,8.9,3.2,2022-04-15 09:35:39.518,2022-04-08 06:35:54.651,,12.0,,0.0,"Protein Berries, Granola & Seeds(Kellogg's)",14.0,,0.0,371.0,porzione,,3JD7PDJoKB,g,0.5,,com.sec.android.app.shealth,69.0,0.26954177,1a81415c-5dad-4cb5-bcee-d59c6cef30af,1,
1.0,0.0,0.0,0.0,0.0,"179 kcal, per 70g",,fatsecret-4922952,71,1.0,0.0,0.0,2022-04-09 10:24:02.397,2022-04-09 10:24:02.397,0.0,0.0,0.0,0.16666667,Negroni,0.0,,0.0,182.0,cocktail,,3JD7PDJoKB,g,0.0,,com.sec.android.app.shealth,0.0,0.3901099,69e42880-0ac5-4529-9dfb-a465e8a55829,1,
,0.0,0.0,0.0,,"582 kcal, per 100g",,fatsecret-27426404,100,100.0,3.2,38.0,2022-04-09 13:09:06.054,2022-04-09 13:09:06.054,,9.6,,0.0,Crema Spalmabile al Pistacchio(I Siciliani),43.0,,0.0,582.0,porzione,,3JD7PDJoKB,g,16.0,,com.sec.android.app.shealth,49.0,0.17182131,9b06579a-b583-480a-8ef0-2aa163724242,1,
,0.0,0.0,0.0,,"100 kcal, per 1 barretta (25g)",,fatsecret-4927027,25,44.0,1.8,3.0,2022-04-10 08:00:07.585,2022-04-10 08:00:07.585,,1.7,,0.0,Maxi Choco(Nesquik),6.7,,0.0,100.0,porzione,,3JD7PDJoKB,g,0.9,,com.sec.android.app.shealth,16.2,0.25,7409e369-76ba-4b1a-b4c6-e6f020fbc09f,1,
71.0,10.666667,0.11111111,5.0,110.0,"4204 kcal, per 1292g",,fatsecret-10546976,100,141.0,0.5,15.05,2022-04-11 05:59:02.960,2022-04-11 05:59:02.960,4.125,4.96,4.502,5.111111,Diplomatico,24.16,,2.8461537,325.0,g,,3JD7PDJoKB,g,5.421,,com.sec.android.app.shealth,41.96,0.30769232,609f8514-84b9-4c69-adff-3b24489e6344,100,
284.0,0.8888889,0.0,0.0,101.0,"2900 kcal, per 1086g",,fatsecret-1594,100,416.0,0.5,16.02,2022-04-13 07:10:15.438,2022-04-11 19:00:20.123,7.309,20.81,1.626,7.2777777,Fettina Impanata,0.77,,3.0,267.0,g,,3JD7PDJoKB,g,5.531,,com.sec.android.app.shealth,8.46,0.374269,2d86d69b-8956-44ee-8eac-bbb646cc8b7f,100,
,0.0,0.0,0.0,,"163 kcal, per 1 pezzo (36g)",,fatsecret-4248240,36,48.0,0.0,7.6,2022-04-13 23:37:34.835,2022-04-13 23:37:34.835,,1.4,,0.0,Fiesta(Ferrero),15.3,,0.0,163.0,porzione,,3JD7PDJoKB,g,4.4,,com.sec.android.app.shealth,20.2,0.2208589,8a05eb0b-3cf9-4650-a98d-d464cb34cedc,1,
558.0,52.11111,31.222221,0.0,0.0,"23 kcal, per 100g",,fatsecret-36577,100,79.0,2.2,0.39,2022-04-14 14:28:44.682,2022-04-14 14:28:44.682,0.01,2.86,0.165,15.055555,Spinaci,0.42,,7.6153846,23.0,g,,3JD7PDJoKB,g,0.063,,com.sec.android.app.shealth,3.63,4.285714,fabbebc4-f905-4018-8a6c-1466725e2627,100,
,0.0,0.0,0.0,,"90 kcal, per 100ml",,fatsecret-4408505,100,40.0,0.7,3.94,2022-04-15 18:11:18.819,2022-04-15 18:11:18.819,,1.5,,0.0,Latte di Mandorla(Condorelli),11.8,,0.0,90.0,porzione,,3JD7PDJoKB,ml,0.3,,com.sec.android.app.shealth,11.9,,2289b6bb-1df4-45fe-9950-43214dc45793,1,
